ADM2_PCODE,ADM_PCODE,total_pop_rural,female_pop_rural,children_u5_rural,female_u5_rural,elderly_rural,pop_u15_rural,female_u15_rural,wra_pop_rural,dependency_ratio_rural,rural_pop_perc
ID1107,ID1107,112712,55972,8549,4144,8554,26898,13128,29220,45.89,52.75
ID1112,ID1112,58822,29218,4534,2205,4128,13647,6603,15677,43.3,35.99
ID1108,ID1108,70767,35274,6105,2960,5293,18891,9188,17960,51.92,16.58
ID1116,ID1116,61186,30238,5380,2628,4542,16673,8194,15497,53.08,64.59
ID1103,ID1103,98933,49808,7039,3413,8278,21640,10505,25875,43.35,40.93
ID1102,ID1102,67187,33265,6478,3146,3080,20069,9819,18017,52.56,49.71
ID1114,ID1114,141150,69900,11724,5686,8601,36385,17769,36390,46.78,44.09
ID1106,ID1106,101412,50197,8942,4359,6830,26865,13098,26235,49.76,43.29
ID1104,ID1104,71983,36124,5727,2786,4365,19283,9370,18962,48.93,30.38
ID1105,ID1105,190978,95479,18334,8939,11054,55142,26855,49563,53.05,41.79
ID1111,ID1111,192820,97205,16781,8189,13880,50291,24419,50525,49.88,29.64
ID1307,ID1307,177714,89337,10952,5331,21661,37587,18264,42092,50.01,30.92
ID5307,ID5307,130468,66451,13848,6760,10240,38495,18718,32105,59.63,62.65
ID1208,ID1208,323054,160550,29127,14177,21015,84628,41256,81928,48.59,38.91
ID9415,ID9415,84431,39225,11154,5396,1396,27446,13002,22015,51.88,68.13
ID5103,ID5103,34076,17114,2015,975,3516,6453,3126,8734,41.36,5.6
ID6311,ID6311,73615,36524,6345,3051,3826,19278,9356,19188,45.74,54.46
ID3204,ID3204,157891,77612,12402,6010,10649,38868,18912,40931,45.69,4.04
ID3217,ID3217,150797,74078,11230,5466,11930,34977,17011,38772,45.15,7.59
ID7202,ID7202,221823,108945,17592,8550,17796,52583,25512,56816,46.47,60.78
ID7201,ID7201,74133,36661,6413,3160,5010,19965,9838,18791,50.8,73.1
ID7211,ID7211,35950,17778,3110,1532,2430,9681,4771,9112,50.8,60.68
ID1901,ID1901,160335,78377,12443,6047,11989,37436,18200,41293,44.56,45.65
ID1903,ID1903,113884,55255,8827,4286,7474,27980,13628,29570,45.2,51.58
ID1905,ID1905,130314,62959,8917,4332,6795,29969,14545,35736,39.3,62.79
ID1904,ID1904,75905,36570,5880,2833,4076,18797,9058,20192,43.13,35.69
ID3526,ID3526,84637,43324,4886,2375,7732,17643,8611,22539,42.82,7.47
ID5106,ID5106,58511,29342,3331,1608,7530,11168,5428,14263,46.96,20.83
ID6303,ID6303,178552,88638,14324,6997,11412,43458,21227,46679,44.36,31.65
ID3304,ID3304,165434,81987,10781,5286,18800,34053,16625,39991,46.95,15.22
ID7303,ID7303,46031,23418,3301,1612,3710,9940,4897,12507,42.16,22.14
ID3402,ID3402,41865,21235,2553,1247,5381,7984,3898,9855,46.89,4.0
ID1607,ID1607,655354,319594,52194,25434,45339,163090,79296,168869,46.64,70.55
ID3302,ID3302,162029,81131,10649,5139,18889,32899,15928,39106,46.98,8.33
ID3510,ID3510,218187,110030,13189,6358,27042,41636,20249,52100,45.94,11.8
ID6304,ID6304,147189,72938,11497,5644,9873,36006,17656,37674,45.29,40.82
ID6204,ID6204,90881,44532,6706,3264,6564,20330,9871,23738,42.03,61.58
ID6212,ID6212,88486,43233,6109,2961,6411,19602,9527,23352,41.64,70.78
ID6205,ID6205,95351,45829,7080,3446,5924,21751,10609,25475,40.89,57.62
ID7310,ID7310,66288,34265,4759,2319,7863,14459,7060,16122,50.77,37.29
ID3325,ID3325,73145,36422,5269,2552,6392,15732,7647,18528,43.36,8.43
ID1504,ID1504,179573,87624,13416,6563,10327,43917,21425,47748,43.28,54.42
ID1219,ID1219,95965,47932,10163,4887,6439,25535,12317,24371,49.97,21.24
ID3216,ID3216,65764,32334,5223,2532,3029,15656,7607,18665,39.69,1.96
ID1902,ID1902,84361,41452,5886,2888,6858,17812,8741,21791,41.33,45.38
ID1906,ID1906,73786,35942,5086,2457,6346,15466,7532,18801,41.97,53.68
ID5306,ID5306,105894,53356,8849,4374,9306,27773,13653,27151,53.88,45.46
ID1117,ID1117,97762,48353,8505,4176,6156,26633,12958,25477,50.47,55.75
ID1408,ID1408,234413,114240,23750,11493,12572,63166,30671,60343,47.73,38.3
ID6102,ID6102,255051,123101,20715,10106,16686,64379,31360,66012,46.59,79.6
ID1701,ID1701,80608,39736,6006,2915,6557,18933,9207,20191,46.24,44.7
ID1709,ID1709,70544,34440,5567,2737,4656,17495,8461,18472,45.77,64.37
ID1703,ID1703,224900,109915,18834,9245,17165,56233,27578,56720,48.45,70.4
ID6405,ID6405,142279,65758,11326,5585,7174,34796,17010,37115,41.84,53.5
ID9409,ID9409,32589,15949,3650,1781,2626,10342,5046,7295,66.09,24.04
ID5206,ID5206,210501,105499,17049,8224,17043,52634,25611,54210,49.48,38.73
ID2102,ID2102,102274,50413,7855,3856,7407,24113,11771,26448,44.55,63.1
ID1110,ID1110,69558,35591,6207,3009,5554,17757,8608,17991,50.4,14.7
ID3505,ID3505,217788,109042,12329,6040,27496,41172,20059,51372,46.05,16.37
ID3316,ID3316,242531,122192,12639,6166,28520,43435,21193,58486,42.18,25.0
ID7501,ID7501,79134,38905,6170,3026,5520,18773,9159,20896,44.3,49.99
ID3201,ID3201,219632,106904,16849,8195,12241,52159,25347,59219,41.49,3.73
ID3522,ID3522,214989,107903,13058,6346,24989,39708,19266,51407,43.05,15.41
ID7101,ID7101,116799,56152,8132,3989,10901,26720,12983,28122,47.51,44.5
ID7110,ID7110,42633,20452,3607,1778,2916,11360,5561,10616,50.34,60.61
ID7111,ID7111,46018,22027,3002,1464,3853,10105,4951,11468,43.54,48.4
ID7107,ID7107,40932,19957,3293,1581,3421,10124,4897,10027,49.46,47.68
ID7406,ID7406,102855,50919,9525,4743,6086,27589,13611,27093,48.68,66.18
ID3511,ID3511,112762,57944,6803,3332,15789,20422,10013,26841,47.3,13.36
ID7311,ID7311,440213,227832,28105,13806,50940,92414,45291,111102,48.29,50.71
ID7504,ID7504,22680,11359,1726,838,1942,5334,2610,5779,47.23,13.84
ID9413,ID9413,37240,17368,6631,3256,1073,14961,7298,8004,75.61,52.28
ID3309,ID3309,93672,47010,6190,3016,11229,19071,9293,22191,47.81,7.97
ID3329,ID3329,236686,117430,16862,8216,20895,51217,24928,61118,43.82,11.09
ID5108,ID5108,110480,55490,7192,3507,11841,23174,11276,26927,46.4,13.56
ID7302,ID7302,137001,70747,8729,4241,13008,28873,14103,36224,44.03,29.46
ID6502,ID6502,91852,42758,6768,3236,5982,21375,10279,23572,42.42,56.67
ID1509,ID1509,164061,80602,14546,7083,9732,42827,20833,42743,47.14,41.99
ID7207,ID7207,84697,41227,9612,4690,4713,24642,12061,21211,53.04,56.22
ID8104,ID8104,74759,36483,6918,3390,4426,19737,9589,20302,47.75,56.75
ID8109,ID8109,52567,25654,5074,2496,2636,15500,7527,14036,52.68,70.4
ID7401,ID7401,67596,33788,6434,3185,5083,19743,9736,16754,58.05,61.11
ID7415,ID7415,46642,23315,4440,2198,3506,13621,6717,11562,58.03,52.85
ID7414,ID7414,34453,17224,3277,1622,2591,10060,4961,8541,58.03,37.45
ID7409,ID7409,44498,21846,4185,2053,2975,12514,6070,11325,53.39,69.56
ID3207,ID3207,162716,82149,9552,4646,21638,31151,15132,37256,48.02,12.1
ID3203,ID3203,322194,157297,25028,12192,24955,76911,37514,81211,46.23,12.04
ID3301,ID3301,352173,175881,22188,10784,36922,71719,34819,86717,44.61,16.78
ID3209,ID3209,95804,47429,7531,3646,6821,21305,10327,25631,41.56,3.88
ID1210,ID1210,169220,85554,14113,6822,13522,46132,22422,40603,54.45,50.15
ID1388,ID1388,1090,549,73,35,115,240,117,262,48.22,23.43
ID1688,ID1688,991,477,71,35,72,228,112,256,43.56,98.73
ID1888,ID1888,569,273,48,24,40,144,70,142,47.86,98.97
ID7188,ID7188,1898,938,116,56,275,354,172,426,49.57,24.54
ID1288,ID1288,10578,5372,898,437,1043,2805,1372,2459,57.17,31.98
ID9436,ID9436,21149,9895,1328,633,568,5675,2666,5572,41.89,19.67
ID1212,ID1212,292405,146081,25058,12146,18064,74437,36071,75886,46.27,13.73
ID3321,ID3321,139975,69778,10534,5120,11289,31198,15151,35794,43.58,10.67
ID1311,ID1311,135193,66531,11035,5416,8954,33810,16518,35638,46.27,53.46
ID9434,ID9434,50908,24239,3310,1625,1873,12097,5692,14415,37.82,39.97
ID5205,ID5205,102812,51299,8409,4069,7433,26852,13028,26501,50.03,41.52
ID7205,ID7205,167139,81155,12692,6256,11531,43559,21306,41778,49.17,59.65
ID1611,ID1611,174288,85007,9388,4540,14624,35554,17333,46121,40.43,47.98
ID5311,ID5311,167740,86493,11794,5710,15634,39842,19296,43097,49.42,61.88
ID7316,ID7316,145066,71885,9882,4820,13552,34731,16947,36764,49.89,59.54
ID9101,ID9101,34211,16587,3441,1698,1526,9877,4798,8936,49.99,40.23
ID5309,ID5309,155864,80594,13853,6639,17050,38901,18783,37627,56.0,57.42
ID3205,ID3205,258207,126398,21490,10457,18089,65004,31673,65862,47.45,9.21
ID1113,ID1113,59073,29491,5485,2666,3127,16217,7967,15986,48.69,54.38
ID5104,ID5104,27677,13924,1590,770,3556,4969,2414,6757,44.51,4.99
ID7502,ID7502,196889,98367,14203,6898,15569,44915,21993,51343,44.34,45.37
ID7505,ID7505,62010,30473,4421,2149,4428,14736,7194,16330,44.73,47.46
ID7306,ID7306,201237,102063,14667,7170,16358,46649,22763,53211,45.58,24.36
ID3525,ID3525,167110,83490,11063,5349,13767,35173,17043,43009,41.41,11.78
ID3315,ID3315,233275,117194,16053,7802,24246,47994,23335,56618,44.86,14.89
ID3403,ID3403,169202,87018,8874,4283,31834,28104,13609,36006,54.86,20.99
ID6211,ID6211,122183,57900,9929,4799,7153,30904,15018,32284,45.24,81.06
ID8201,ID8201,65180,31989,4913,2400,4631,15007,7284,17679,43.12,50.66
ID8204,ID8204,121341,58367,8683,4285,6250,30893,15201,32635,44.11,57.63
ID8202,ID8202,40093,18841,3920,1923,2016,11245,5440,9997,49.42,74.11
ID8206,ID8206,54274,26188,4753,2298,2977,14508,7009,14523,47.53,59.23
ID8205,ID8205,83318,40865,7449,3683,5110,23088,11303,21251,51.16,40.64
ID6306,ID6306,73665,37047,5648,2737,5789,17430,8514,18286,46.03,29.83
ID6307,ID6307,75604,37954,5762,2823,5962,17603,8607,18434,45.28,26.54
ID6308,ID6308,38780,19592,3210,1555,2784,9626,4688,9817,47.06,15.72
ID1215,ID1215,114829,58237,10424,5024,11120,33787,16334,25936,64.22,52.32
ID3399,ID3399,409,204,26,12,36,84,41,103,41.4,100.0
ID1403,ID1403,341411,164341,26331,12755,20718,83605,40711,89195,44.0,48.26
ID1402,ID1402,226941,110279,19062,9292,10951,60232,29308,59886,45.7,46.97
ID3212,ID3212,246803,123242,16199,7926,19157,52011,25386,65777,40.52,12.43
ID9435,ID9435,49985,23533,1687,844,2718,8501,4005,15048,28.94,34.16
ID9403,ID9403,64594,30877,9523,4689,3442,22878,11187,14634,68.77,35.04
ID9402,ID9402,116801,55724,8291,4020,6493,26688,12855,30594,39.68,37.16
ID3509,ID3509,248252,125611,13841,6746,29613,46877,22876,61450,44.53,9.04
ID5101,ID5101,54068,27236,3530,1731,5814,10881,5291,13055,44.67,16.21
ID7304,ID7304,82426,41975,5804,2854,6687,18736,9167,22247,44.6,19.17
ID3320,ID3320,135488,67768,9579,4662,11943,29204,14213,34885,43.61,10.51
ID3517,ID3517,103275,51691,6709,3249,10423,21250,10320,25088,44.24,7.25
ID9102,ID9102,20237,9606,1598,786,706,5473,2662,5461,43.96,46.02
ID1406,ID1406,320392,156209,29527,14308,14766,84271,40870,85594,44.74,35.02
ID6203,ID6203,285038,138405,17689,8612,20507,61739,29946,75726,40.56,64.22
ID6108,ID6108,224686,109622,18007,8760,13832,55318,27010,58095,44.46,81.81
ID5107,ID5107,83753,41776,5583,2732,10103,18113,8821,20067,50.81,16.08
ID3313,ID3313,71306,36067,4754,2313,8269,14389,7016,17139,46.58,7.08
ID3215,ID3215,173071,85593,12342,5991,11885,38918,18919,46501,41.55,6.53
ID2101,ID2101,69679,34166,5851,2851,5916,16361,7915,17335,47.0,26.61
ID1211,ID1211,220992,112655,16602,8142,19170,53654,26279,56117,49.15,50.0
ID6209,ID6209,118046,56750,9674,4687,6881,30896,15056,30606,47.06,69.5
ID1704,ID1704,92383,44917,6775,3308,6766,22129,10843,23403,45.51,70.36
ID6111,ID6111,96752,46978,7705,3694,6158,23991,11690,25518,45.27,70.24
ID3305,ID3305,152675,76070,10150,4913,17579,31346,15166,36121,47.16,10.47
ID3506,ID3506,168384,84150,10400,5057,18627,32975,16057,40300,44.19,9.49
ID9420,ID9420,38802,18274,5880,2869,2110,13347,6467,8579,66.21,57.69
ID3324,ID3324,123074,61268,7722,3764,10831,25176,12280,30988,41.36,11.1
ID1708,ID1708,68979,33478,4998,2395,4791,15325,7413,18188,41.17,42.05
ID2105,ID2105,32183,15654,2749,1342,2289,8218,4063,8011,48.47,83.88
ID8105,ID8105,35780,17353,3110,1487,2209,10139,4857,9140,52.7,38.71
ID1301,ID1301,73470,35377,5334,2591,3881,19518,9504,19095,46.73,82.67
ID1410,ID1410,96062,46658,7938,3889,7742,22218,10877,24205,45.32,44.95
ID7103,ID7103,91862,45533,5060,2478,10659,16908,8196,21670,42.88,73.96
ID7301,ID7301,89373,46022,5606,2708,9799,19283,9400,22709,48.23,73.56
ID3101,ID3101,5283,2613,495,234,266,1350,666,1425,44.06,99.95
ID8203,ID8203,41005,20068,3737,1835,2428,11356,5573,10727,50.64,42.69
ID7104,ID7104,47612,23289,2966,1426,5298,9935,4755,11288,47.05,60.44
ID9408,ID9408,28547,13748,3290,1574,1747,9565,4623,6539,65.63,24.93
ID1501,ID1501,91701,45987,6534,3188,9512,19014,9258,22820,45.16,33.13
ID6106,ID6106,388744,186339,28259,13747,22130,90657,44081,104312,40.87,63.54
ID3310,ID3310,25226,12821,1509,730,3259,4756,2315,5910,46.57,1.86
ID5105,ID5105,41616,21023,2652,1292,5598,8151,3961,9717,49.34,19.03
ID7404,ID7404,101472,49577,8570,4145,6545,26353,12808,26500,47.97,40.96
ID7411,ID7411,76540,37393,6464,3127,4938,19878,9662,19987,47.98,58.51
ID7408,ID7408,62611,30590,5077,2488,3342,15833,7702,17050,44.15,43.41
ID7403,ID7403,137743,66746,11710,5697,9088,35553,17285,35597,47.95,49.63
ID7412,ID7412,33915,16433,2882,1402,2240,8752,4255,8763,47.95,99.87
ID7405,ID7405,170705,83048,14710,7248,11295,44806,21948,44027,48.95,51.36
ID7410,ID7410,62066,29950,6299,3100,3032,17717,8732,16150,50.22,86.51
ID8171,ID8171,15579,7856,1088,530,1175,3335,1618,4253,40.75,4.83
ID6471,ID6471,54992,26884,4307,2093,3951,12713,6162,14319,43.48,7.5
ID1171,ID1171,499,248,46,22,29,135,66,131,48.94,0.18
ID1871,ID1871,9216,4539,663,321,778,2030,985,2383,43.83,0.75
ID3273,ID3273,0,0,0,0,0,0,0,0,0,0.0
ID3279,ID3279,10301,5184,710,348,1127,2124,1030,2479,46.12,4.69
ID6372,ID6372,31386,15599,2765,1349,1774,7914,3850,8376,44.65,9.65
ID6371,ID6371,4485,2249,348,169,330,1078,522,1143,45.74,0.65
ID6302,ID6302,230825,111454,17966,8880,12295,60437,29586,60446,46.01,68.76
ID2171,ID2171,53049,25921,4688,2268,1456,14013,6803,15607,41.16,4.24
ID3579,ID3579,12680,6333,871,432,1232,2570,1262,3151,42.82,5.44
ID7472,ID7472,21710,10923,2072,1008,1343,5926,2894,5726,50.34,14.24
ID3275,ID3275,0,0,0,0,0,0,0,0,0,0.0
ID1771,ID1771,13882,6851,1142,555,819,3413,1650,3701,43.85,3.32
ID5272,ID5272,17483,8763,1416,683,1416,4371,2127,4502,49.48,10.79
ID1276,ID1276,5221,2607,449,218,325,1322,641,1355,46.06,1.63
ID7172,ID7172,25469,12463,1865,913,1865,5895,2867,6485,43.82,10.74
ID3572,ID3572,0,0,0,0,0,0,0,0,0,0.0
ID3271,ID3271,0,0,0,0,0,0,0,0,0,0.0
ID6474,ID6474,13297,6381,1153,557,600,3293,1590,3540,41.39,6.94
ID1375,ID1375,237,119,19,9,20,56,27,60,47.44,0.18
ID3672,ID3672,8430,4151,790,386,429,2181,1060,2228,44.83,1.8
ID3277,ID3277,0,0,0,0,0,0,0,0,0,0.0
ID3274,ID3274,591,297,45,22,50,132,64,150,44.35,0.17
ID5171,ID5171,62,31,4,2,5,12,6,16,38.57,0.01
ID3276,ID3276,0,0,0,0,0,0,0,0,0,0.0
ID1473,ID1473,54575,26596,5501,2663,2919,14713,7145,14054,47.73,15.88
ID7571,ID7571,810,410,60,29,66,185,91,210,44.81,0.38
ID1278,ID1278,43373,22403,4163,2032,2513,12912,6294,11624,55.19,31.83
ID3174,ID3174,0,0,0,0,0,0,0,0,0,0.0
ID3173,ID3173,0,0,0,0,0,0,0,0,0,0.0
ID3171,ID3171,0,0,0,0,0,0,0,0,0,0.0
ID3172,ID3172,0,0,0,0,0,0,0,0,0,0.0
ID3175,ID3175,0,0,0,0,0,0,0,0,0,0.0
ID1571,ID1571,7563,3752,625,305,490,1814,882,1988,43.78,1.15
ID9471,ID9471,40858,19117,4386,2130,2393,10934,5328,10159,48.41,9.59
ID3571,ID3571,1625,819,104,51,163,334,163,396,44.08,0.51
ID7471,ID7471,19327,9592,1710,848,963,5016,2455,5321,44.79,5.23
ID7174,ID7174,5649,2762,407,197,452,1256,609,1408,43.33,4.23
ID5371,ID5371,6540,3247,567,276,350,1505,735,1906,39.59,1.48
ID1173,ID1173,14539,7271,1103,535,959,3407,1660,3884,42.92,7.24
ID1174,ID1174,26960,13628,2250,1105,1551,6942,3390,7249,45.99,13.23
ID1674,ID1674,44851,22321,4104,2000,2825,11718,5678,11685,47.99,17.29
ID3577,ID3577,0,0,0,0,0,0,0,0,0,0.0
ID3371,ID3371,0,0,0,0,0,0,0,0,0,0.0
ID7371,ID7371,3894,1966,294,142,292,922,446,1033,45.29,0.26
ID3573,ID3573,0,0,0,0,0,0,0,0,0,0.0
ID7171,ID7171,21227,10654,1472,721,2143,4398,2143,5231,44.54,4.53
ID5271,ID5271,0,0,0,0,0,0,0,0,0,0.0
ID1275,ID1275,16398,8296,1233,599,1355,3641,1771,4290,43.82,0.62
ID1872,ID1872,5581,2778,432,211,476,1270,618,1416,45.52,3.04
ID3576,ID3576,0,0,0,0,0,0,0,0,0,0.0
ID1371,ID1371,18831,9448,1437,695,1535,4301,2088,4790,44.9,1.95
ID1374,ID1374,1951,981,160,79,173,467,226,485,48.77,3.28
ID1277,ID1277,9703,4915,862,423,646,2490,1221,2498,47.76,4.06
ID1673,ID1673,35812,17572,2896,1406,3020,8635,4227,8715,48.25,23.15
ID6271,ID6271,56632,27842,4409,2133,3582,13348,6475,15372,42.64,17.81
ID1671,ID1671,22910,11447,1946,944,1811,5571,2708,5786,47.54,1.27
ID7373,ID7373,17034,8547,1440,694,1153,4177,2026,4668,45.54,8.58
ID7271,ID7271,14975,7464,1352,659,865,3782,1837,3992,45.0,3.9
ID1971,ID1971,5571,2723,432,210,417,1300,632,1435,44.57,2.35
ID7372,ID7372,6588,3349,578,282,467,1626,791,1726,46.54,4.79
ID1377,ID1377,2296,1153,183,88,216,539,260,560,49.02,2.39
ID3575,ID3575,1991,1003,154,76,155,457,223,503,44.43,0.87
ID1376,ID1376,9234,4626,748,360,821,2220,1073,2279,49.11,6.09
ID3375,ID3375,0,0,0,0,0,0,0,0,0,0.0
ID1471,ID1471,25831,12827,2336,1130,1352,6544,3169,6966,44.03,2.39
ID1273,ID1273,9179,4684,682,331,903,2085,1020,2262,48.25,3.04
ID6171,ID6171,2128,1067,167,81,167,500,244,558,45.59,0.32
ID1672,ID1672,35772,17825,3350,1622,2127,9874,4812,9224,50.49,17.28
ID3574,ID3574,0,0,0,0,0,0,0,0,0,0.0
ID1172,ID1172,11821,5876,1030,503,942,3117,1498,3018,52.3,30.83
ID3373,ID3373,260,132,16,8,27,52,25,66,43.22,0.13
ID6472,ID6472,48377,23461,3626,1765,3137,11581,5628,12618,43.73,5.36
ID1373,ID1373,19297,9680,1401,684,1732,4524,2204,4787,47.97,27.29
ID3374,ID3374,13384,6810,847,412,1156,2723,1325,3467,40.81,0.74
ID3673,ID3673,7492,3666,648,314,345,1961,953,2017,44.45,0.99
ID1271,ID1271,2823,1419,263,128,175,744,361,732,48.26,3.16
ID6172,ID6172,35889,17623,3205,1563,2826,9150,4434,9004,50.08,14.73
ID1372,ID1372,6445,3218,551,265,443,1622,786,1659,47.15,8.0
ID9171,ID9171,7419,3515,551,267,415,1712,828,2006,40.2,2.52
ID1175,ID1175,59012,29083,6107,2923,2233,18198,8866,15878,52.96,59.65
ID3272,ID3272,634,313,46,23,52,145,71,162,45.09,0.17
ID1572,ID1572,11114,5601,767,371,1170,2337,1122,2805,46.11,11.21
ID3578,ID3578,5157,2621,334,163,477,1084,528,1318,43.4,0.16
ID3372,ID3372,0,0,0,0,0,0,0,0,0,0.0
ID3671,ID3671,0,0,0,0,0,0,0,0,0,0.0
ID3674,ID3674,0,0,0,0,0,0,0,0,0,0.0
ID1272,ID1272,3510,1743,342,168,212,955,468,894,49.87,1.78
ID2172,ID2172,15111,7449,1161,570,1094,3563,1739,3908,44.55,6.33
ID6571,ID6571,16490,7927,1335,652,930,4078,1983,4389,43.63,6.55
ID3278,ID3278,1045,518,78,38,95,237,115,259,46.59,0.13
ID1274,ID1274,1038,525,94,46,79,259,125,260,48.22,0.59
ID3376,ID3376,1695,847,122,59,141,368,179,435,42.87,0.56
ID8271,ID8271,12925,6446,1208,578,668,3372,1624,3532,45.47,6.08
ID8272,ID8272,26297,13030,2130,1025,1681,6344,3045,7102,43.92,25.22
ID7173,ID7173,20194,10089,1399,683,2560,4061,1987,4713,48.78,18.3
ID8172,ID8172,12994,6550,978,464,957,3040,1471,3644,44.44,22.86
ID3471,ID3471,0,0,0,0,0,0,0,0,0,0.0
ID6201,ID6201,153537,73598,13065,6321,8974,37515,18123,40303,43.43,52.7
ID6202,ID6202,251770,120990,17869,8702,14080,59493,28967,68132,41.29,53.2
ID1401,ID1401,139253,68682,11125,5412,9517,34108,16596,36164,45.62,38.55
ID6112,ID6112,226911,111091,18542,8985,14754,56536,27387,59556,45.81,34.08
ID3319,ID3319,35347,17830,2457,1193,2753,7562,3673,9114,41.21,3.93
ID3401,ID3401,66552,34074,3853,1866,10945,12031,5833,14639,52.73,13.98
ID3208,ID3208,148453,73859,10807,5233,15779,32193,15595,35565,47.74,11.73
ID5303,ID5303,263213,129975,16691,8104,21909,58630,28559,71369,44.09,68.41
ID6402,ID6402,134515,63247,8774,4201,9390,29982,14496,35218,41.38,71.76
ID6403,ID6403,409855,198766,30719,14953,26580,98118,47678,106901,43.73,52.45
ID6404,ID6404,305928,140147,21129,10162,12999,72716,35059,83160,38.92,65.29
ID1207,ID1207,199887,98878,17593,8577,10736,53995,26375,52668,47.89,37.06
ID1222,ID1222,239718,117417,22838,11112,8541,70351,34198,63235,49.05,71.72
ID1223,ID1223,198170,98001,18016,8738,10339,54916,26848,51830,49.1,47.17
ID1604,ID1604,265673,130639,21402,10395,21991,64931,31553,65413,48.63,55.79
ID6207,ID6207,89350,41587,7319,3575,5330,20709,10077,23569,41.13,84.17
ID3524,ID3524,224385,113356,13312,6421,26990,40732,19712,53632,43.23,15.75
ID1801,ID1801,166165,79852,14489,7082,11724,42616,20796,41176,48.59,50.95
ID1803,ID1803,230625,112878,19405,9429,16991,56909,27712,58822,47.15,20.17
ID1805,ID1805,412581,201828,29310,14260,36060,89810,43663,106360,43.9,25.66
ID1804,ID1804,374088,184112,25802,12542,35976,83517,40714,94235,46.93,31.14
ID1806,ID1806,297171,146174,24944,12082,23034,74926,36296,73422,49.17,43.11
ID6103,ID6103,357348,170821,29545,14327,22286,89176,43252,91374,45.33,82.94
ID1213,ID1213,364107,180920,32582,15834,24990,86108,41711,94392,43.91,32.8
ID9430,ID9430,78633,35631,3990,1916,2803,13355,6124,23419,25.86,34.36
ID3602,ID3602,308806,150304,25673,12447,19424,77796,37835,79049,45.95,20.73
ID1707,ID1707,39677,19493,3064,1485,3195,9144,4440,10014,45.13,34.52
ID5308,ID5308,71686,37640,7900,3801,7973,21218,10244,16386,68.69,53.02
ID1308,ID1308,154585,78272,10291,4969,17583,33888,16382,37371,49.92,37.01
ID2104,ID2104,47299,23067,3418,1641,4882,10484,5090,11277,48.12,49.05
ID5201,ID5201,92952,46506,8142,4010,6064,23734,11580,24923,47.18,12.46
ID5202,ID5202,107910,54499,8415,4095,7645,26824,13113,28448,46.93,9.59
ID5203,ID5203,101703,51272,10098,4926,6508,27949,13632,26661,51.24,7.08
ID5208,ID5208,58629,29299,5528,2701,3685,15516,7608,15488,48.7,22.81
ID3508,ID3508,165672,84569,10093,4929,20464,31085,15173,39971,45.17,13.66
ID7317,ID7317,169678,84813,12713,6141,14531,41402,20014,44152,49.18,42.68
ID7325,ID7325,157703,76709,14133,6864,11071,41196,19945,41010,49.57,48.91
ID7322,ID7322,172462,85652,12686,6178,13498,40683,19891,46038,45.81,49.38
ID3519,ID3519,124919,63743,6786,3308,18343,21462,10416,28404,46.77,15.68
ID3308,ID3308,91535,45896,5687,2775,10553,17989,8801,21835,45.31,6.42
ID3520,ID3520,62425,32174,3551,1719,10249,10946,5340,13787,51.4,8.48
ID6411,ID6411,35317,16601,2301,1102,2467,7867,3804,9247,41.36,100.0
ID3210,ID3210,145580,72877,9305,4544,15301,29597,14400,36572,44.59,10.28
ID7601,ID7601,46058,23262,4739,2325,3295,13294,6504,11576,56.3,29.97
ID5321,ID5321,118229,59572,9877,4882,10392,31008,15243,30312,53.89,59.5
ID3507,ID3507,439833,219961,25884,12604,48002,85340,41736,107124,43.51,15.18
ID6501,ID6501,45506,21213,3510,1686,2709,11123,5360,11995,43.67,50.53
ID8108,ID8108,65303,32070,5872,2836,6405,17780,8679,15317,58.82,90.64
ID8103,ID8103,154995,76926,10230,5003,13615,35026,16997,40848,45.74,41.33
ID8102,ID8102,62995,31945,4693,2289,6054,15406,7460,16133,51.67,58.97
ID8101,ID8101,61661,30634,4986,2410,5137,16321,7964,15531,53.37,67.56
ID7603,ID7603,110173,53903,8352,4110,9412,27172,13271,27887,49.71,61.7
ID9428,ID9428,37348,17668,4205,2082,1566,11683,5624,9340,54.98,89.18
ID9431,ID9431,27623,12650,1043,493,1906,3709,1722,7552,25.51,44.09
ID7604,ID7604,109139,52965,10267,4998,5890,30474,14794,28718,49.97,37.67
ID7606,ID7606,86643,42045,8154,3970,4667,24200,11748,22801,49.96,60.49
ID7605,ID7605,122986,59013,10716,5258,5264,33580,16455,33446,46.16,61.64
ID1202,ID1202,263734,133402,25261,12340,16657,76315,37334,66114,54.44,51.43
ID5313,ID5313,128591,64487,12841,6390,8116,37720,18593,32553,55.39,38.01
ID5315,ID5315,184517,91504,21428,10543,10844,57475,28399,46311,58.8,67.0
ID5319,ID5319,178257,88092,16976,8349,10419,51273,25106,45415,52.93,60.46
ID9105,ID9105,52541,25327,4290,2098,2216,12850,6239,14825,40.2,26.62
ID9111,ID9111,21731,9637,1712,832,735,5190,2525,5665,37.48,53.8
ID9414,ID9414,77595,37478,12750,6239,3263,32138,15658,16489,83.9,62.93
ID7308,ID7308,159733,80192,12898,6185,12284,38725,18647,41605,46.92,37.04
ID9110,ID9110,41113,20330,2183,1089,2444,8357,4111,12132,35.63,94.22
ID6110,ID6110,180522,87662,12800,6286,10564,41072,20035,49487,40.06,72.84
ID6104,ID6104,117998,57900,9311,4499,9610,27676,13490,30236,46.2,37.4
ID1502,ID1502,215311,105577,17870,8714,11736,55055,26898,57343,44.97,56.04
ID9401,ID9401,76616,36624,10712,5197,5652,25073,12270,16733,66.95,31.14
ID1811,ID1811,222079,107179,17892,8714,15326,55530,26971,57854,46.86,90.83
ID9412,ID9412,60437,27280,7500,3667,1971,19074,9253,14545,53.42,17.77
ID7102,ID7102,81690,40409,4993,2420,11823,15261,7414,18336,49.6,22.6
ID7105,ID7105,116447,56925,7398,3566,15527,23536,11378,26120,50.48,50.66
ID7109,ID7109,47815,23234,3677,1787,5102,11139,5402,10967,51.43,38.59
ID7106,ID7106,95632,47313,6401,3115,9904,20401,9991,23236,46.39,40.6
ID3516,ID3516,78395,39262,5462,2646,7309,16327,7949,19276,43.16,6.35
ID7203,ID7203,95940,44454,9170,4451,5856,24605,11946,23502,46.52,59.91
ID7212,ID7212,108631,50337,10382,5040,6632,27861,13527,26611,46.53,83.4
ID1603,ID1603,380735,187591,35994,17426,25893,99859,48457,96332,49.32,57.58
ID1505,ID1505,224236,108274,20015,9721,10991,55890,27115,60156,42.5,51.41
ID1706,ID1706,159531,77140,14530,7055,9821,42714,20702,41101,49.1,75.15
ID7402,ID7402,88389,45259,7484,3655,6863,24454,12025,22405,54.87,38.42
ID7413,ID7413,57156,29280,4828,2357,4441,15796,7767,14494,54.81,63.35
ID6213,ID6213,73732,35356,5941,2881,3527,19614,9672,19905,45.74,60.57
ID1606,ID1606,499043,242224,47571,23204,31709,134628,65504,127081,49.99,75.61
ID1605,ID1605,269051,131752,21872,10669,18992,67288,32763,68988,47.21,62.38
ID1613,ID1613,152028,74450,12320,6010,10744,37978,18492,38988,47.16,74.44
ID9404,ID9404,36003,17007,4847,2362,1809,12105,5874,8412,62.99,20.82
ID1115,ID1115,107853,53601,8192,4006,8614,25332,12419,28310,45.93,59.44
ID5318,ID5318,107086,54587,8896,4312,10827,26750,13030,26941,54.06,61.63
ID2103,ID2103,44741,21763,3822,1866,3182,11424,5648,11136,48.47,56.46
ID9429,ID9429,53764,24991,7276,3520,841,17765,8414,13963,52.92,47.46
ID5312,ID5312,100151,51095,7704,3824,10184,24877,12206,25453,53.87,56.66
ID3518,ID3518,105971,53219,6407,3105,12781,20526,10001,24994,45.84,8.82
ID3521,ID3521,135042,68799,7575,3645,19417,23845,11520,30819,47.14,14.18
ID1201,ID1201,96044,49468,7219,3490,5734,28031,13650,26479,54.22,58.69
ID1225,ID1225,53686,27733,4658,2278,3051,16032,7824,14543,55.15,57.5
ID1214,ID1214,212560,106143,15766,7565,9965,56794,27539,60498,45.79,56.96
ID1224,ID1224,130189,65873,10024,4807,7414,36671,17688,35900,51.2,84.0
ID6504,ID6504,122941,57677,8711,4285,6941,28804,14012,32247,40.99,59.58
ID1610,ID1610,167152,82959,14223,6887,12341,42558,20669,41447,48.91,36.57
ID1602,ID1602,520517,252688,37804,18398,34430,127650,62027,134275,45.22,61.94
ID1601,ID1601,237916,116364,20525,10024,17067,61600,29964,58983,49.4,59.08
ID1608,ID1608,362925,174800,25916,12648,26596,83165,40677,94081,43.36,81.84
ID1609,ID1609,236688,115704,18300,8839,20453,55473,26934,59250,47.23,33.37
ID3501,ID3501,264608,133898,13736,6707,44357,42600,20781,57408,48.95,42.01
ID1221,ID1221,184263,91839,17418,8546,8640,55632,27090,48171,53.56,64.0
ID1220,ID1220,196986,97066,18042,8730,9763,60479,29517,49663,55.42,69.88
ID1306,ID1306,192337,97774,13812,6733,21083,45187,21911,45728,52.57,40.65
ID1216,ID1216,55720,27752,6687,3246,3403,17516,8539,13815,60.11,100.0
ID3528,ID3528,19116,9835,1367,668,1872,3976,1943,4974,44.08,2.09
ID3601,ID3601,196252,95842,15292,7468,13144,48974,23928,50040,46.31,14.45
ID3218,ID3218,142899,72141,8385,4079,19016,27356,13289,32707,48.04,31.73
ID7309,ID7309,66834,34404,5138,2518,6043,15904,7791,17175,48.9,18.54
ID9410,ID9410,85845,38478,5518,2609,2294,16748,7723,26086,28.51,36.1
ID7208,ID7208,187390,91294,12511,6119,13013,44165,21622,49285,43.91,39.93
ID1309,ID1309,122835,61209,10122,4944,8046,31969,15547,31638,48.31,37.55
ID1312,ID1312,189149,94253,15588,7614,12388,49231,23942,48719,48.32,41.03
ID6401,ID6401,183507,87817,14784,7240,11014,43740,21310,48301,42.53,61.75
ID3514,ID3514,135626,68241,9060,4406,11952,28084,13630,34577,41.88,7.8
ID3318,ID3318,214058,108186,13407,6515,23104,41163,19993,52690,42.9,14.82
ID9112,ID9112,34971,16862,2856,1396,1476,8554,4153,9870,40.21,99.1
ID9417,ID9417,54774,24902,5289,2630,568,16677,8002,14389,45.95,65.26
ID3326,ID3326,99753,49497,7386,3578,8286,22222,10784,25341,44.06,9.66
ID1404,ID1404,198683,95689,19356,9406,6452,58246,28213,53221,48.29,46.94
ID3327,ID3327,155645,77261,10393,5036,13816,33434,16238,39689,43.59,9.77
ID6409,ID6409,83748,40431,6954,3389,5809,20519,9957,21437,45.85,43.91
ID1612,ID1612,103551,51010,9805,4747,7033,27180,13190,26202,49.34,48.83
ID1809,ID1809,131568,64034,10995,5385,11177,32295,15767,32329,49.35,23.37
ID1813,ID1813,114022,54790,9950,4864,8038,29258,14277,28252,48.61,69.52
ID1302,ID1302,182643,91526,13927,6752,16465,43416,21079,44978,48.78,34.1
ID1109,ID1109,88370,45120,6665,3229,8490,20793,10110,22751,49.56,18.85
ID1118,ID1118,28248,14369,2244,1088,2647,6784,3282,7304,50.12,16.27
ID7315,ID7315,136739,69873,10150,4943,12746,31852,15475,34559,48.4,32.04
ID7503,ID7503,67693,33299,5210,2574,4298,16470,8050,18052,44.26,43.08
ID7602,ID7602,144846,73326,12248,6067,11595,37974,18708,36476,52.03,28.38
ID3502,ID3502,179753,91106,9560,4663,28555,29777,14474,40494,48.04,17.54
ID7204,ID7204,139431,67687,10238,4905,12538,32055,15399,34492,47.02,52.88
ID1810,ID1810,81115,39481,6232,3049,7036,18870,9188,19909,46.92,19.36
ID3513,ID3513,138989,70990,9422,4599,15248,28464,13913,34499,45.88,11.3
ID6210,ID6210,119901,57624,9354,4553,10564,28474,13782,29532,48.28,81.85
ID8207,ID8207,40587,19676,4661,2211,2494,12233,5893,10111,56.94,63.06
ID8208,ID8208,37171,18191,3388,1663,2201,10294,5052,9724,50.64,74.23
ID9433,ID9433,38272,17585,950,448,1812,6072,2819,11605,25.95,31.15
ID9411,ID9411,51600,23708,1286,607,2456,8172,3794,15632,25.94,21.26
ID3303,ID3303,94701,47152,6547,3192,10725,20142,9782,23070,48.36,8.61
ID3214,ID3214,101854,50309,7671,3729,7559,23826,11579,26620,44.54,9.43
ID3306,ID3306,160537,81201,9492,4607,21554,30008,14641,36311,47.32,19.15
ID9108,ID9108,28542,13417,2871,1384,1115,8518,4089,7371,50.94,50.89
ID1702,ID1702,123766,60753,8856,4280,8870,27977,13651,32552,42.39,41.66
ID3317,ID3317,121984,61097,7911,3852,12810,23554,11424,30103,42.47,18.13
ID1409,ID1409,308074,149929,25256,12337,14492,84229,41030,81021,47.16,44.33
ID1407,ID1407,273926,133952,19905,9779,13067,72602,35534,74568,45.51,45.81
ID5314,ID5314,112416,56062,11987,5802,11241,33467,16358,26840,66.03,76.26
ID5320,ID5320,66195,32636,7710,3789,6466,20825,10236,14936,70.15,71.41
ID6101,ID6101,281029,138207,22699,10966,22363,69943,33951,69861,48.91,41.44
ID1217,ID1217,98295,50180,8828,4287,10011,27463,13442,22120,61.61,73.78
ID3527,ID3527,56662,28713,4247,2060,4849,12263,5995,15238,43.26,5.46
ID6105,ID6105,417297,201228,31621,15416,26368,96645,47038,108562,41.8,78.8
ID9419,ID9419,32776,15282,4698,2333,1695,11753,5698,7044,69.58,78.56
ID1503,ID1503,181359,88677,14788,7192,9449,47132,22962,48301,45.34,57.34
ID6109,ID6109,189514,91541,14744,7180,12875,45570,22166,48671,44.59,83.21
ID1705,ID1705,129222,62806,9837,4851,9379,30277,14733,33255,44.28,57.76
ID3322,ID3322,156121,78801,9815,4776,15752,31568,15391,39388,43.49,13.82
ID8106,ID8106,103102,50453,8766,4280,6534,27568,13492,27016,49.42,53.26
ID8107,ID8107,81746,40129,7446,3663,4209,22819,11170,21954,49.4,67.35
ID3604,ID3604,81810,40101,6565,3193,4832,19767,9617,21927,43.0,4.69
ID1218,ID1218,266194,133023,23004,11206,18789,69100,33593,66097,49.29,36.46
ID6208,ID6208,134488,63197,10923,5369,5985,33724,16447,36201,41.9,76.63
ID1405,ID1405,237872,114840,20921,10170,9035,64858,31505,64177,45.06,47.41
ID7108,ID7108,19545,9849,1049,501,2473,3520,1716,4539,44.22,32.38
ID7314,ID7314,136711,69811,10077,4900,14690,30405,14834,33899,49.22,38.94
ID3515,ID3515,17360,8663,1102,534,1300,3608,1751,4523,39.41,0.78
ID7210,ID7210,100061,48841,8110,3936,7373,24940,12066,25234,47.7,35.83
ID1304,ID1304,141112,69985,11162,5457,10715,34749,16921,35838,47.53,56.41
ID5310,ID5310,148771,77617,16280,7872,14942,41190,20023,35725,60.59,45.57
ID1209,ID1209,539891,271483,38077,18657,49603,123213,60313,133805,47.08,51.52
ID1101,ID1101,71576,35072,5714,2725,4535,18178,8745,18703,46.48,78.2
ID7307,ID7307,135175,68942,9990,4842,12553,30470,14809,35054,46.69,47.97
ID6107,ID6107,342653,165587,27992,13725,22091,86458,42276,89122,46.37,75.0
ID3512,ID3512,120334,61917,6507,3181,16164,20890,10199,29310,44.49,16.47
ID3404,ID3404,18808,9560,1119,544,2369,3566,1740,4544,46.1,1.5
ID1303,ID1303,143164,71815,10406,5080,12825,33584,16358,35525,47.96,33.73
ID1310,ID1310,96141,47289,7654,3733,7034,23228,11271,25193,45.94,48.66
ID7312,ID7312,126051,66404,7245,3504,18630,22707,11068,29817,48.8,49.19
ID9107,ID9107,43581,20591,3423,1656,2588,10384,5044,11530,42.38,35.75
ID9106,ID9106,32567,15563,2765,1363,1365,8887,4430,8588,45.94,59.84
ID3314,ID3314,111612,56575,6771,3288,14122,21883,10646,26330,47.62,10.44
ID3213,ID3213,190907,95597,11925,5814,18339,38287,18625,49110,42.17,11.05
ID3202,ID3202,409497,202045,29625,14438,33518,93355,45539,104788,44.89,13.9
ID6206,ID6206,52702,24901,4319,2135,2590,12701,6215,14344,40.87,79.45
ID3311,ID3311,29195,14712,1781,865,3213,5795,2820,7141,44.62,2.97
ID5301,ID5301,79099,38700,9037,4400,5472,24392,11834,19501,60.65,51.11
ID5317,ID5317,144040,70233,18172,8749,6700,53260,25678,33804,71.31,43.18
ID5316,ID5316,70361,34360,8758,4281,5308,22850,11084,16514,66.72,75.61
ID5302,ID5302,179375,87311,20699,10099,13997,54619,26555,42300,61.95,68.29
ID5204,ID5204,235303,118403,16513,8078,20150,54450,26676,61262,46.42,43.68
ID5207,ID5207,67067,33302,6350,3103,4441,18828,9183,16899,53.13,43.09
ID3211,ID3211,132811,66322,8588,4160,15620,27273,13265,31477,47.7,10.52
ID3529,ID3529,165268,86605,8850,4334,21933,28310,13858,40619,43.68,14.27
ID9427,ID9427,12577,6045,1723,843,868,4777,2301,2680,81.42,66.87
ID6309,ID6309,134902,66771,11914,5808,7902,34577,16767,34961,45.96,48.45
ID5102,ID5102,97326,49094,5094,2445,14587,15707,7599,21753,45.2,19.45
ID7305,ID7305,37713,19419,3060,1496,3047,8909,4342,9827,46.42,12.61
ID9109,ID9109,28288,13666,2239,1096,1242,6813,3311,8010,39.81,99.18
ID6503,ID6503,23264,10802,2070,994,1123,6021,2942,6079,44.31,98.4
ID7318,ID7318,151336,73800,8843,4266,16557,32400,15665,37933,47.82,49.95
ID6310,ID6310,188462,91654,18499,8943,10115,54214,26263,48524,51.82,54.06
ID1305,ID1305,94090,47667,5601,2706,11731,19019,9249,21800,48.55,23.14
ID6301,ID6301,206992,100969,17439,8513,13385,52362,25528,52946,46.55,55.41
ID3603,ID3603,17947,8763,1442,696,821,4373,2119,4995,40.73,0.5
ID1802,ID1802,254572,123354,19977,9701,21481,59918,29176,62760,47.0,37.64
ID1507,ID1507,186708,90368,15036,7347,10980,47242,23132,48660,45.31,54.48
ID1506,ID1506,166215,81643,11568,5729,14096,37254,18365,43071,44.71,66.57
ID1203,ID1203,195110,98133,17658,8701,12720,55327,26984,47571,53.55,58.87
ID1204,ID1204,109849,55074,8148,3971,7424,28370,13854,28599,48.33,28.32
ID1205,ID1205,189886,96463,16459,8006,18524,52839,25810,43197,60.21,56.13
ID6305,ID6305,88998,44210,7282,3505,5841,22186,10755,22742,45.97,42.29
ID3206,ID3206,252733,125564,17333,8440,26814,53913,26263,60580,46.93,12.56
ID1508,ID1508,202438,98288,15537,7558,11836,50016,24353,53727,44.0,54.72
ID3328,ID3328,113844,56449,8649,4176,8838,25935,12549,29359,43.98,6.57
ID9104,ID9104,71140,31289,5526,2686,2370,16898,8230,18398,37.15,73.49
ID9103,ID9103,20199,9467,1920,916,827,6066,2911,5161,51.8,46.48
ID3323,ID3323,97569,48875,6141,3007,10918,19440,9475,23023,45.17,11.44
ID5304,ID5304,352079,177988,26454,13018,34351,93618,46141,85816,57.1,70.86
ID5305,ID5305,188977,94837,17966,8772,17731,52321,25605,45215,58.9,66.74
ID1206,ID1206,98835,50211,8916,4329,9982,27174,13273,22674,60.24,45.16
ID7209,ID7209,76039,37073,7088,3458,5078,20790,10169,18768,51.56,53.08
ID7206,ID7206,107583,52696,10321,5016,7505,28300,13761,27174,49.88,50.44
ID9418,ID9418,57674,26439,2221,1048,4208,7600,3519,15574,25.75,26.7
ID7326,ID7326,129461,63912,9783,4733,13741,33243,16177,31089,56.97,45.59
ID3503,ID3503,192910,97010,10788,5222,27533,33336,16205,44086,46.1,24.36
ID3523,ID3523,266998,134949,15063,7362,30076,49425,24009,64977,42.4,20.89
ID1812,ID1812,163570,80004,13498,6516,13933,38268,18575,41274,46.87,51.55
ID1808,ID1808,323770,156269,26104,12713,22396,80918,39301,84331,46.86,69.67
ID3504,ID3504,114891,57958,6469,3139,14691,20850,10129,27509,44.79,9.73
ID3288,ID3288,1154,566,88,43,90,271,132,294,45.58,8.97
ID3388,ID3388,753,381,46,22,95,148,72,178,47.68,55.22
ID7313,ID7313,236093,122829,14930,7275,26466,48395,23648,58581,46.43,57.08
ID7407,ID7407,44759,22485,3702,1835,3790,11153,5539,11422,50.12,48.31
ID9426,ID9426,20504,9627,3124,1518,1064,7826,3718,4355,76.54,64.52
ID1807,ID1807,367735,179672,32481,15706,28073,93829,45715,91948,49.59,71.15
ID3312,ID3312,278812,141563,13775,6710,47517,45106,22040,60401,49.75,24.63
ID3307,ID3307,140046,69060,9595,4623,14369,29139,14178,34331,45.07,14.71
ID9416,ID9416,200122,90909,6542,3100,7701,30893,14593,59810,23.89,54.03
ID9432,ID9432,41785,18995,1379,653,1623,6469,3057,12474,24.02,40.69
