ADM2_PCODE,ADM_PCODE,total_pop,female_pop,children_u5,female_u5,elderly,pop_u15,female_u15,wra_pop,dependency_ratio
ID1107,ID1107,213662,106104,16205,7856,16220,50985,24885,55394,45.89
ID1112,ID1112,163453,81189,12602,6127,11461,37922,18348,43567,43.29
ID1108,ID1108,426779,212687,36893,17894,31718,114045,55471,108374,51.87
ID1116,ID1116,94733,46817,8331,4069,7032,25817,12688,23993,53.08
ID1103,ID1103,241711,121692,17188,8334,20238,52841,25651,63214,43.34
ID1102,ID1102,135171,66925,13032,6329,6196,40376,19754,36249,52.56
ID1114,ID1114,320126,158522,26566,12885,19506,82493,40287,82528,46.76
ID1106,ID1106,234254,115952,20655,10069,15780,62054,30254,60599,49.76
ID1104,ID1104,236942,118888,18857,9174,14297,63523,30866,62459,48.91
ID1105,ID1105,457045,228496,43891,21399,26436,132004,64288,118614,53.06
ID1111,ID1111,650512,327933,56649,27643,46786,169763,82431,170444,49.9
ID1307,ID1307,574778,288959,35479,17266,69978,121593,59084,136193,49.99
ID5307,ID5307,208242,106063,22103,10789,16343,61442,29876,51243,59.63
ID1208,ID1208,830354,412655,74887,36449,53990,217484,106019,210594,48.57
ID9415,ID9415,123926,57594,16601,8032,1991,40672,19267,32233,52.5
ID5103,ID5103,608121,305169,36092,17471,61290,115786,56105,156482,41.08
ID6311,ID6311,135183,67074,11650,5602,7030,35398,17180,35235,45.74
ID3204,ID3204,3912359,1923848,306198,148387,265703,960192,467200,1013849,45.63
ID3217,ID3217,1987353,976823,147377,71744,157548,459347,223419,511117,45.01
ID7202,ID7202,364952,179240,28942,14067,29280,86510,41972,93476,46.47
ID7201,ID7201,101409,50150,8772,4322,6854,27310,13458,25705,50.81
ID7211,ID7211,59245,29299,5125,2525,4004,15955,7862,15017,50.8
ID1901,ID1901,351253,171707,27260,13249,26274,82008,39868,90459,44.57
ID1903,ID1903,220771,107113,17112,8309,14482,54250,26424,57324,45.21
ID1905,ID1905,207537,100268,14198,6898,10821,47721,23161,56916,39.29
ID1904,ID1904,212659,102459,16488,7944,11439,52680,25386,56551,43.17
ID3526,ID3526,1133031,580040,65229,31708,103571,236098,115235,301701,42.81
ID5106,ID5106,280902,140871,15921,7680,36225,53433,25969,68510,46.88
ID6303,ID6303,564182,280131,45198,22077,36153,137196,67010,147460,44.35
ID3304,ID3304,1087084,538730,70781,34713,123723,223710,109228,262755,46.97
ID7303,ID7303,207870,105720,14942,7296,16694,44912,22130,56510,42.12
ID3402,ID3402,1046708,531081,63855,31200,132328,199933,97644,247658,46.51
ID1607,ID1607,928970,453320,73936,36024,64552,230826,112228,239293,46.62
ID3302,ID3302,1945178,973986,127872,61714,226803,394997,191241,469470,46.99
ID3510,ID3510,1849112,932480,111784,53888,229168,352880,171619,441532,45.94
ID6304,ID6304,360586,178852,28148,13802,24386,88098,43159,92237,45.34
ID6204,ID6204,147572,72328,10895,5303,10680,32997,16019,38533,42.04
ID6212,ID6212,125011,61075,8622,4179,9064,27678,13452,32994,41.63
ID6205,ID6205,165473,79536,12293,5984,10274,37751,18414,44213,40.89
ID7310,ID7310,177751,91880,12764,6221,21085,38778,18935,43229,50.78
ID3325,ID3325,867821,432138,62521,30287,75673,186700,90750,219879,43.34
ID1504,ID1504,329951,161007,24620,12045,18995,80665,39354,87730,43.28
ID1219,ID1219,451786,225671,47921,23042,30334,120224,57985,114739,49.98
ID3216,ID3216,3347066,1645881,265298,128606,155478,795794,386646,948912,39.71
ID1902,ID1902,185911,91350,12972,6364,15114,39253,19263,48022,41.33
ID1906,ID1906,137464,66961,9475,4578,11823,28814,14032,35026,41.97
ID5306,ID5306,232957,117379,19466,9622,20472,61097,30034,59732,53.88
ID1117,ID1117,175362,86734,15257,7492,11044,47773,23244,45700,50.47
ID1408,ID1408,612006,298262,62058,30031,32850,164915,80074,157511,47.74
ID6102,ID6102,320398,154611,26011,12691,20915,80875,39397,82961,46.56
ID1701,ID1701,180319,88892,13434,6520,14671,42352,20596,45166,46.25
ID1709,ID1709,109587,53502,8649,4252,7231,27182,13146,28696,45.78
ID1703,ID1703,319439,156119,26759,13134,24396,79875,39175,80547,48.46
ID6405,ID6405,265943,122914,21179,10445,13413,65046,31799,69366,41.85
ID9409,ID9409,135535,66332,15181,7409,10921,43012,20987,30338,66.09
ID5206,ID5206,543577,272432,44026,21237,44018,135908,66131,139986,49.48
ID2102,ID2102,162085,79896,12449,6111,11738,38215,18654,41916,44.55
ID1110,ID1110,473250,242177,42228,20469,37812,120780,58547,122411,50.4
ID3505,ID3505,1330216,666109,75365,36918,167945,251531,122533,313795,46.06
ID3316,ID3316,970207,488782,50643,24708,114017,173840,84818,233966,42.19
ID7501,ID7501,158299,77813,12351,6057,11029,37567,18327,41805,44.3
ID3201,ID3201,5885464,2865772,451089,219392,328838,1396242,678459,1586749,41.46
ID3522,ID3522,1395266,700300,84712,41170,162135,257688,125028,333668,43.04
ID7101,ID7101,262497,126210,18276,8965,24489,60034,29169,63211,47.49
ID7110,ID7110,70337,33742,5951,2934,4810,18744,9176,17514,50.35
ID7111,ID7111,95085,45516,6202,3025,7969,20878,10229,23691,43.55
ID7107,ID7107,85841,41853,6911,3317,7180,21238,10272,21022,49.49
ID7406,ID7406,155407,76936,14393,7167,9193,41684,20565,40939,48.67
ID3511,ID3511,843791,433569,50914,24940,118108,152867,74955,200859,47.31
ID7311,ID7311,868102,449265,55446,27236,100375,182293,89339,219122,48.28
ID7504,ID7504,163877,82084,12467,6058,14029,38536,18857,41761,47.22
ID9413,ID9413,71231,33227,12743,6256,2067,28696,14000,15268,76.02
ID3309,ID3309,1174704,589726,77520,37763,140866,238877,116408,278320,47.77
ID3329,ID3329,2133876,1058697,152133,74126,188104,461871,224796,551157,43.8
ID5108,ID5108,814456,409070,53061,25878,87169,170964,83192,198527,46.4
ID7302,ID7302,465108,240187,29623,14393,44162,98008,47870,122984,44.02
ID6502,ID6502,162078,75450,11942,5710,10556,37715,18138,41594,42.42
ID1509,ID1509,390699,191956,34657,16877,23180,102010,49623,101780,47.15
ID7207,ID7207,150650,73329,17098,8344,8382,43833,21455,37727,53.04
ID8104,ID8104,131736,64289,12191,5974,7799,34778,16897,35776,47.75
ID8109,ID8109,74669,36441,7211,3546,3738,22039,10701,19935,52.72
ID7401,ID7401,110619,55293,10529,5213,8319,32309,15932,27418,58.05
ID7415,ID7415,88255,44115,8400,4159,6636,25775,12710,21877,58.04
ID7414,ID7414,91993,45991,8749,4331,6920,26858,13244,22805,58.02
ID7409,ID7409,63970,31406,6016,2951,4277,17990,8726,16281,53.39
ID3207,ID3207,1344231,678530,79132,38492,178232,257824,125246,308009,48.01
ID3203,ID3203,2675471,1306150,207822,101235,207298,638636,311501,674282,46.24
ID3301,ID3301,2098246,1047910,132183,64247,220095,427260,207434,516583,44.62
ID3209,ID3209,2468338,1221866,194911,94349,173596,550010,266577,661409,41.47
ID1210,ID1210,337423,170606,28086,13576,26992,91924,44678,80946,54.42
ID1388,ID1388,4652,2347,302,147,511,1003,488,1110,48.29
ID1688,ID1688,1003,483,72,35,73,231,113,260,43.49
ID1888,ID1888,575,276,49,24,41,145,71,143,47.81
ID7188,ID7188,7734,3825,472,229,1121,1443,701,1735,49.59
ID1288,ID1288,33077,16800,2798,1361,3267,8766,4288,7676,57.18
ID9436,ID9436,107546,50314,6750,3215,2890,28846,13553,28342,41.86
ID1212,ID1212,2129394,1064459,181402,87932,133588,538544,261001,553019,46.12
ID3321,ID3321,1311843,654139,98516,47886,105953,292006,141815,335423,43.55
ID1311,ID1311,252891,124447,20643,10132,16736,63246,30900,66682,46.26
ID9434,ID9434,127365,60654,8215,4033,4684,30146,14178,36126,37.64
ID5205,ID5205,247615,123549,20253,9801,17892,64684,31382,63827,50.03
ID7205,ID7205,280182,136041,21276,10487,19330,73022,35717,70032,49.17
ID1611,ID1611,363283,177183,19435,9399,30529,73928,36043,96191,40.36
ID5311,ID5311,271090,139783,19055,9226,25266,64384,31183,69653,49.41
ID7316,ID7316,243641,120722,16587,8090,22772,58315,28454,61744,49.88
ID9101,ID9101,85046,41362,8615,4252,3826,24686,11991,22225,50.43
ID5309,ID5309,271452,140362,24126,11562,29694,67750,32712,65531,56.0
ID3205,ID3205,2803391,1372218,233574,113653,195813,706401,344188,715324,47.46
ID1113,ID1113,108625,54229,10087,4903,5748,29823,14651,29396,48.69
ID5104,ID5104,555016,279230,31919,15458,71235,99642,48398,135515,44.48
ID7502,ID7502,433958,216891,31333,15221,34358,99003,48477,113133,44.37
ID7505,ID7505,130651,64200,9322,4531,9338,31058,15160,34392,44.76
ID7306,ID7306,826008,419044,60356,29502,67055,191604,93488,218355,45.59
ID3525,ID3525,1418222,708658,93820,45369,116990,298352,144577,364929,41.41
ID3315,ID3315,1566612,786967,108046,52508,162395,322689,156885,380334,44.85
ID3403,ID3403,806103,414584,42315,20424,151580,133991,64879,171585,54.86
ID6211,ID6211,150725,71419,12251,5921,8803,38134,18532,39839,45.22
ID8201,ID8201,128658,63143,9693,4734,9146,29608,14370,34902,43.11
ID8204,ID8204,210552,101278,15067,7435,10844,53606,26376,56629,44.11
ID8202,ID8202,54100,25423,5290,2595,2720,15174,7341,13489,49.43
ID8206,ID8206,91626,44211,8023,3880,5026,24492,11833,24518,47.53
ID8205,ID8205,205030,100563,18350,9074,12562,56881,27848,52271,51.22
ID6306,ID6306,246916,124179,18930,9174,19410,58418,28536,61292,46.03
ID6307,ID6307,284860,143000,21680,10626,22512,66248,32394,69410,45.26
ID6308,ID6308,246672,124691,20411,9891,17813,61181,29795,62413,47.11
ID1215,ID1215,219466,111306,19922,9602,21256,64572,31217,49565,64.22
ID3399,ID3399,409,204,26,12,36,84,41,103,41.52
ID1403,ID1403,707415,340510,54543,26420,42949,173191,84333,184814,44.0
ID1402,ID1402,483145,234776,40584,19783,23306,128239,62399,127494,45.7
ID3212,ID3212,1986006,991723,130337,63775,154024,418541,204289,529384,40.51
ID9435,ID9435,146341,68898,4929,2465,7957,24870,11717,44063,28.92
ID9403,ID9403,184327,88103,27113,13349,9830,65147,31857,41800,68.57
ID9402,ID9402,314331,149907,22221,10772,17734,71302,34328,82208,39.52
ID3509,ID3509,2745384,1389135,153079,74608,327526,518364,252968,679532,44.53
ID5101,ID5101,333475,167987,21775,10676,35861,67096,32623,80514,44.66
ID7304,ID7304,429906,218915,30244,14872,34879,97730,47814,116050,44.6
ID3320,ID3320,1288808,644664,91104,44338,113539,277780,135193,331854,43.6
ID3517,ID3517,1423981,712658,92610,44852,143331,293397,142483,346019,44.24
ID9102,ID9102,43976,20875,3472,1707,1535,11893,5785,11867,43.95
ID1406,ID1406,914906,446215,84761,41060,42236,240342,116531,244368,44.69
ID6203,ID6203,443874,215525,27529,13402,31940,96115,46619,117932,40.55
ID6108,ID6108,274632,133991,22010,10708,16906,67614,33015,71009,44.46
ID5107,ID5107,520751,259748,34705,16983,62810,112619,54846,124781,50.8
ID3313,ID3313,1007375,509605,67074,32635,116331,203344,99153,242421,46.48
ID3215,ID3215,2648958,1309924,189176,91826,181051,596211,289824,712241,41.53
ID2101,ID2101,261899,128417,21993,10715,22238,61497,29751,65156,47.0
ID1211,ID1211,442009,225343,33193,16279,38402,107246,52530,112227,49.15
ID6209,ID6209,169850,81654,13920,6744,9900,44458,21665,44035,47.07
ID1704,ID1704,131302,63841,9630,4701,9616,31453,15411,33262,45.51
ID6111,ID6111,137754,66901,10987,5266,8784,34192,16662,36321,45.34
ID3305,ID3305,1458786,726839,96997,46952,167969,299540,144916,345112,47.16
ID3506,ID3506,1773974,886597,109603,53296,196128,347546,169235,424620,44.19
ID9420,ID9420,67256,31675,10194,4974,3657,23136,11209,14869,66.21
ID3324,ID3324,1108563,551706,69456,33856,97073,226786,110627,279381,41.27
ID1708,ID1708,164055,79642,11885,5695,11400,36461,17641,43254,41.19
ID2105,ID2105,38366,18662,3277,1600,2729,9797,4844,9550,48.47
ID8105,ID8105,92441,44832,8034,3843,5708,26196,12548,23614,52.7
ID1301,ID1301,88876,42795,6452,3134,4695,23611,11497,23099,46.73
ID1410,ID1410,213691,103791,17658,8651,17221,49425,24196,53843,45.32
ID7103,ID7103,124199,61561,6842,3351,14411,22860,11081,29299,42.88
ID7301,ID7301,121494,62562,7621,3681,13320,26213,12778,30871,48.23
ID3101,ID3101,5286,2614,495,234,266,1351,667,1426,44.07
ID8203,ID8203,96053,47007,8755,4298,5687,26602,13054,25127,50.64
ID7104,ID7104,78777,38533,4907,2360,8766,16439,7867,18677,47.05
ID9408,ID9408,114507,55147,13195,6314,7007,38366,18545,26229,65.63
ID1501,ID1501,276767,138816,19703,9611,28721,57410,27942,68901,45.18
ID6106,ID6106,611827,293259,44469,21632,34804,142667,69371,164196,40.86
ID3310,ID3310,1358296,690003,81717,39555,172007,257418,125302,319325,46.23
ID5105,ID5105,218676,110448,13922,6783,29368,42827,20811,51103,49.29
ID7404,ID7404,247754,121046,20923,10120,15981,64340,31272,64702,47.97
ID7411,ID7411,130811,63907,11048,5344,8440,33972,16512,34158,47.98
ID7408,ID7408,144235,70469,11696,5732,7699,36473,17744,39279,44.14
ID7403,ID7403,277555,134492,23593,11478,18317,71633,34826,71725,47.95
ID7412,ID7412,33960,16455,2886,1404,2243,8764,4261,8775,47.95
ID7405,ID7405,332359,161704,28644,14114,21972,87233,42731,85741,48.94
ID7410,ID7410,71743,34619,7282,3584,3504,20481,10094,18668,50.22
ID8171,ID8171,322780,162761,22545,10986,24365,69113,33525,88121,40.77
ID6471,ID6471,733670,358684,57467,27921,52740,169569,82194,191041,43.47
ID1171,ID1171,281959,140163,25875,12651,16495,76379,37331,73819,49.12
ID1871,ID1871,1231888,606976,88294,42675,103864,270632,131233,319054,43.68
ID3273,ID3273,2618476,1308304,175378,85318,236255,551168,268444,663980,43.0
ID3279,ID3279,219778,110584,15220,7456,23899,45414,22026,52967,46.07
ID6372,ID6372,325341,161732,28675,13988,18362,82024,39908,86858,44.62
ID6371,ID6371,692051,347722,53501,25817,52109,165939,80196,175606,46.0
ID6302,ID6302,335697,162089,26122,12911,17877,87894,43027,87911,46.0
ID2171,ID2171,1250970,611247,110554,53482,34337,330442,160429,368040,41.16
ID3579,ID3579,233058,116393,15972,7917,22684,47206,23179,57891,42.83
ID7472,ID7472,152487,76725,14553,7081,9428,41609,20320,40229,50.31
ID3275,ID3275,2829044,1406443,200995,97348,174996,620481,301434,762129,39.12
ID1771,ID1771,417659,207096,35068,16952,23140,103039,49788,112365,43.29
ID5272,ID5272,162070,81228,13126,6332,13128,40517,19715,41737,49.48
ID1276,ID1276,320702,160172,27550,13354,19842,81437,39460,83254,46.16
ID7172,ID7172,237228,116085,17365,8498,17386,54901,26696,60396,43.83
ID3572,ID3572,161165,81672,10191,4949,17392,32601,15822,39609,44.97
ID3271,ID3271,1108802,548454,81738,39762,83249,250822,121722,286558,43.12
ID6474,ID6474,191511,91805,16765,8087,8363,47529,22947,51066,41.21
ID1375,ID1375,130400,65650,10337,5004,11118,30894,14997,33172,47.53
ID3672,ID3672,468274,230567,43932,21468,23809,121152,58904,123766,44.84
ID3277,ID3277,631439,314319,42217,20598,48067,135178,65913,165451,40.89
ID3274,ID3274,352704,176921,26816,12974,29318,78728,38275,90021,44.16
ID5171,ID5171,753301,373932,45982,22329,60246,149647,72712,198703,38.63
ID3276,ID3276,2228909,1106856,164746,79863,142909,508320,246741,593738,41.28
ID1473,ID1473,343735,167519,34838,16859,18448,92632,44978,88466,47.74
ID7571,ID7571,213833,108384,15865,7772,17318,48732,23860,55488,44.69
ID1278,ID1278,136271,70478,13621,6657,7860,40781,19891,36320,55.51
ID3174,ID3174,2660524,1322636,182829,88596,190817,573422,279034,706512,40.3
ID3173,ID3173,1168925,578567,73114,35400,99491,231442,112752,296354,39.49
ID3171,ID3171,2423264,1207743,158213,77122,179900,501668,245168,639713,39.13
ID3172,ID3172,3212894,1600934,227478,110427,221158,702589,341215,852416,40.35
ID3175,ID3175,1909070,946096,139046,67533,132940,424491,206078,505631,41.24
ID1571,ID1571,658834,327885,53965,26302,43876,157256,76519,172774,43.94
ID9471,ID9471,425896,199276,45723,22207,24945,113969,55542,105893,48.4
ID3571,ID3571,318301,160542,20543,10057,31661,65699,32159,77813,44.07
ID7471,ID7471,369243,183251,32676,16191,18416,95833,46904,101637,44.8
ID7174,ID7174,133410,65265,9631,4662,10655,29660,14371,33269,43.31
ID5371,ID5371,441759,219421,39287,19140,22355,101974,49816,129629,39.17
ID1173,ID1173,200888,100467,15231,7393,13254,47069,22930,53662,42.91
ID1174,ID1174,203776,103020,16968,8339,11578,52440,25619,54859,45.81
ID1674,ID1674,259444,129131,23761,11580,16330,67808,32854,67600,47.99
ID3577,ID3577,212582,110007,12160,5960,28123,38262,18807,50705,45.41
ID3371,ID3371,120742,60530,7503,3661,13887,23736,11614,28821,45.26
ID7371,ID7371,1515057,766307,111677,53988,112232,356059,172604,404291,44.74
ID3573,ID3573,893020,453125,56928,27579,92795,180919,88042,221309,44.2
ID7171,ID7171,468770,235274,32512,15915,47358,97109,47317,115502,44.55
ID5271,ID5271,489872,247273,43466,21090,34315,125520,60971,127816,48.43
ID1275,ID1275,2629658,1330032,198442,96445,215937,586061,284990,687901,43.88
ID1872,ID1872,183423,91539,14584,7124,15170,41958,20429,46599,45.23
ID3576,ID3576,126203,64140,8737,4291,11907,27137,13438,31076,44.8
ID1371,ID1371,967495,485281,73887,35759,78334,220822,107222,246394,44.76
ID1374,ID1374,59400,29812,5139,2537,4824,14662,7094,14968,48.82
ID1277,ID1277,238768,120988,21183,10387,15913,60951,29893,61629,47.48
ID1673,ID1673,154682,75900,12508,6074,13045,37299,18259,37643,48.25
ID6271,ID6271,318029,156351,24759,11978,20114,74960,36360,86326,42.64
ID1671,ID1671,1808548,907479,155395,75347,146169,438019,212895,455100,47.71
ID7373,ID7373,198634,99680,16877,8132,13283,48722,23632,54551,45.38
ID7271,ID7271,384373,191919,35096,17099,21869,96898,47037,102918,44.72
ID1971,ID1971,237349,116019,18420,8952,17734,55428,26945,61133,44.56
ID7372,ID7372,137663,69992,12065,5880,9776,33954,16529,36050,46.55
ID1377,ID1377,95945,48107,7770,3712,8741,22540,10845,23501,48.37
ID3575,ID3575,229048,115345,17631,8661,17886,52494,25605,57894,44.36
ID1376,ID1376,151709,75974,12354,5950,13381,36572,17669,37469,49.09
ID3375,ID3375,345401,172206,24331,11832,26222,75765,36798,88503,41.9
ID1471,ID1471,1082255,537638,97821,47309,56851,273900,132638,291930,44.01
ID1273,ID1273,301622,154139,22525,10921,29857,68467,33502,74275,48.36
ID6171,ID6171,671901,336923,52852,25681,52524,157895,77029,176304,45.6
ID1672,ID1672,207024,103173,19388,9388,12287,57180,27869,53398,50.5
ID3574,ID3574,263317,133827,19765,9731,23600,58077,28476,66487,44.97
ID1172,ID1172,38341,19059,3340,1633,3055,10111,4858,9789,52.3
ID3373,ID3373,206250,105235,12586,6134,21302,40935,19959,52153,43.22
ID6472,ID6472,903151,438000,67692,32951,58571,216213,105064,235564,43.73
ID1373,ID1373,70720,35476,5135,2507,6343,16584,8078,17545,47.97
ID3374,ID3374,1805185,918327,114516,55638,155697,367621,178907,467597,40.82
ID3673,ID3673,756764,370313,65571,31796,34563,198450,96443,203709,44.49
ID1271,ID1271,89229,44858,8258,4022,5535,23509,11418,23153,48.26
ID6172,ID6172,243593,119623,21764,10610,19197,62110,30098,61103,50.1
ID1372,ID1372,80549,40196,7021,3375,5317,20452,9900,20831,47.04
ID9171,ID9171,293853,139385,21560,10441,16143,67333,32519,79926,39.68
ID1175,ID1175,98935,48758,10237,4899,3740,30510,14864,26623,52.95
ID3272,ID3272,363911,181774,28410,13684,30607,84186,40846,91906,46.08
ID1572,ID1572,99139,49955,6846,3310,10438,20839,10012,25012,46.09
ID3578,ID3578,3134570,1593055,203133,99110,289523,658722,320982,801467,43.37
ID3372,ID3372,555130,284881,32861,16051,61598,106551,52201,136763,43.45
ID3671,ID3671,2083086,1031422,166235,81012,121660,486471,236813,558649,41.23
ID3674,ID3674,1448506,724947,100573,48942,95083,322707,156813,385916,40.53
ID1272,ID1272,196889,97769,19372,9500,11816,53825,26376,50178,50.01
ID2172,ID2172,238555,117590,18323,8994,17276,56245,27455,61691,44.55
ID6571,ID6571,251715,120997,20372,9946,14201,62257,30275,67004,43.63
ID3278,ID3278,777479,385217,59014,28668,69262,177664,86373,193902,46.54
ID1274,ID1274,176791,89509,16084,7826,13496,43939,21253,44361,48.12
ID3376,ID3376,301214,150440,21702,10518,24907,65588,31859,77348,42.95
ID8271,ID8271,212553,106001,19866,9504,10981,55458,26706,58091,45.47
ID8272,ID8272,104273,51667,8446,4066,6665,25154,12073,28164,43.92
ID7173,ID7173,110333,55123,7646,3730,13985,22187,10858,25751,48.77
ID8172,ID8172,56833,28647,4280,2032,4188,13298,6432,15941,44.44
ID3471,ID3471,391758,202955,21189,10344,48873,69228,34012,96647,43.16
ID6201,ID6201,291334,139662,24795,11996,17041,71181,34384,76466,43.43
ID6202,ID6202,473228,227468,33482,16305,26513,111627,54349,128121,41.22
ID1401,ID1401,361236,178172,28854,14037,24702,88465,43043,93811,45.62
ID6112,ID6112,665753,326274,54327,26328,43628,165529,80204,174752,45.81
ID3319,ID3319,899497,453723,62638,30413,69457,192820,93662,232160,41.16
ID3401,ID3401,476194,243779,27587,13360,78095,86149,41768,104862,52.65
ID3208,ID3208,1265768,629703,92236,44660,134354,274657,133052,303320,47.74
ID5303,ID5303,384758,189999,24456,11875,31945,85713,41752,104384,44.05
ID6402,ID6402,187457,88132,12222,5852,13087,41775,20197,49080,41.38
ID6403,ID6403,781396,378952,58566,28509,50675,187064,90900,203808,43.73
ID6404,ID6404,468554,214651,32369,15568,19900,111376,53698,127369,38.92
ID1207,ID1207,539406,266879,47397,23109,29146,145412,71035,142152,47.84
ID1222,ID1222,334244,163711,31847,15495,11889,98080,47676,88183,49.03
ID1223,ID1223,420123,207775,38202,18528,21981,116369,56891,109829,49.1
ID1604,ID1604,476193,234159,38375,18639,39435,116400,56566,117212,48.64
ID6207,ID6207,106151,49406,8695,4247,6333,24602,11971,28000,41.13
ID3524,ID3524,1424770,719773,84513,40768,171363,258634,125165,340560,43.23
ID1801,ID1801,326156,156726,28461,13912,22984,83697,40843,80820,48.61
ID1803,ID1803,1143493,559736,95973,46630,84454,281633,137136,291729,47.09
ID1805,ID1805,1607818,786586,114120,55521,140601,349711,170019,414578,43.88
ID1804,ID1804,1201450,591337,82806,40250,115635,268103,130699,302642,46.93
ID1806,ID1806,689339,339106,57875,28031,53424,173867,84221,170290,49.19
ID6103,ID6103,430860,205969,35620,17273,26886,107510,52144,110169,45.33
ID1213,ID1213,1109945,551532,99330,48273,76167,262507,127154,287745,43.91
ID9430,ID9430,228878,103643,11371,5459,8110,38431,17604,68380,25.52
ID3602,ID3602,1489365,724940,123769,60010,93693,375125,182438,381309,45.94
ID1707,ID1707,114925,56462,8875,4300,9255,26485,12860,29005,45.13
ID5308,ID5308,135203,70990,14900,7169,15038,40018,19321,30905,68.69
ID1308,ID1308,417712,211511,27782,13416,47559,91529,44247,100967,49.92
ID2104,ID2104,96426,47025,6968,3345,9952,21373,10377,22990,48.12
ID5201,ID5201,745835,373194,65370,32190,48695,190465,92925,199914,47.2
ID5202,ID5202,1125013,568164,87797,42731,79668,279720,136739,296604,46.94
ID5203,ID5203,1436728,724304,142586,69560,91963,394746,192527,376636,51.23
ID5208,ID5208,257044,128450,24233,11840,16155,68021,33355,67904,48.69
ID3508,ID3508,1212444,618968,73904,36094,149881,227407,110998,292421,45.18
ID7317,ID7317,397564,198740,29787,14389,34000,96980,46877,103498,49.13
ID7325,ID7325,322464,156853,28895,14035,22640,84231,40781,83856,49.57
ID7322,ID7322,349264,173462,25687,12510,27338,82384,40279,93236,45.8
ID3519,ID3519,796495,406521,43259,21089,117108,136771,66383,181091,46.79
ID3308,ID3308,1425642,714745,88583,43219,164064,280224,137115,340276,45.27
ID3520,ID3520,736530,379645,41910,20295,120923,129184,63029,162699,51.42
ID6411,ID6411,35317,16601,2301,1102,2467,7867,3804,9247,41.36
ID3210,ID3210,1416545,709164,90404,44150,148901,287825,140038,356009,44.57
ID7601,ID7601,153679,77616,15819,7759,10992,44365,21706,38624,56.3
ID5321,ID5321,198695,100117,16600,8205,17463,52112,25617,50945,53.88
ID3507,ID3507,2897706,1449351,170734,83131,315860,562632,275147,705981,43.51
ID6501,ID6501,90056,41981,6945,3335,5364,22011,10606,23739,43.68
ID8108,ID8108,72044,35381,6478,3129,7066,19616,9575,16897,58.82
ID8103,ID8103,374981,186106,24749,12102,32945,84741,41121,98820,45.74
ID8102,ID8102,106830,54170,7960,3881,10242,26114,12645,27387,51.59
ID8101,ID8101,91273,45346,7381,3568,7604,24160,11789,22989,53.37
ID7603,ID7603,178559,87363,13545,6667,15243,44055,21519,45196,49.72
ID9428,ID9428,41878,19806,4685,2319,1767,13027,6270,10482,54.63
ID9431,ID9431,62656,28698,2374,1121,4375,8376,3886,17088,25.55
ID7604,ID7604,289712,140594,27263,13272,15623,80912,39278,76233,49.97
ID7606,ID7606,143234,69507,13480,6563,7717,40007,19421,37693,49.97
ID7605,ID7605,199521,95728,17399,8537,8502,54493,26704,54291,46.14
ID1202,ID1202,512849,259413,49130,24000,32388,148414,72607,128565,54.45
ID5313,ID5313,338308,169660,33773,16805,21355,99226,48910,85646,55.38
ID5315,ID5315,275385,136563,31990,15739,16182,85790,42390,69117,58.8
ID5319,ID5319,294858,145703,28094,13816,17204,84839,41542,75122,52.92
ID9105,ID9105,197355,95150,16117,7881,8327,48271,23438,55694,40.21
ID9111,ID9111,40394,17772,3170,1540,1334,9621,4682,10453,37.21
ID9414,ID9414,123305,59590,20325,9947,5197,51280,24990,26125,84.51
ID7308,ID7308,431202,216482,34801,16689,33056,104555,50348,112379,46.87
ID9110,ID9110,43637,21579,2313,1155,2596,8861,4359,12880,35.61
ID6110,ID6110,247847,120358,17562,8625,14497,56364,27494,67958,40.04
ID6104,ID6104,315530,154898,24878,12021,25796,73922,36034,80856,46.21
ID1502,ID1502,384193,188389,31888,15550,20940,98234,47995,102323,44.97
ID9401,ID9401,246074,117627,34401,16691,18154,80523,39406,53742,66.95
ID1811,ID1811,244502,118010,19695,9591,16888,61116,29683,63685,46.85
ID9412,ID9412,340169,153507,42338,20699,11085,107529,52173,81783,53.54
ID7102,ID7102,361452,178844,22112,10717,52220,67524,32804,81194,49.54
ID7105,ID7105,229861,112376,14597,7035,30691,46431,22446,51542,50.49
ID7109,ID7109,123912,60209,9531,4632,13215,28873,14002,28422,51.44
ID7106,ID7106,235551,116542,15756,7668,24435,50229,24598,57217,46.41
ID3516,ID3516,1235040,618733,85921,41644,115130,257353,125336,303769,43.18
ID7203,ID7203,160131,74196,15305,7430,9774,41067,19939,39227,46.52
ID7212,ID7212,130259,60358,12450,6043,7952,33408,16220,31909,46.52
ID1603,ID1603,661243,325798,62538,30276,44975,173438,84162,167298,49.32
ID1505,ID1505,436141,210815,38829,18860,21609,108519,52652,116937,42.52
ID1706,ID1706,212277,102634,19348,9394,13039,56871,27560,54702,49.11
ID7402,ID7402,230068,117838,19452,9497,17871,63609,31277,58334,54.84
ID7413,ID7413,90224,46220,7621,3720,7010,24935,12261,22880,54.81
ID6213,ID6213,121732,58373,9810,4757,5820,32392,15974,32864,45.75
ID1606,ID1606,660050,320362,63020,30740,41919,178208,86710,168050,50.04
ID1605,ID1605,431280,211202,35023,17084,30455,107817,52498,110594,47.19
ID1613,ID1613,204222,100010,16549,8073,14434,51015,24841,52373,47.16
ID9404,ID9404,172961,81705,23343,11375,8706,58219,28250,40378,63.12
ID1115,ID1115,181449,90177,13782,6739,14493,42617,20893,47629,45.93
ID5318,ID5318,173750,88563,14449,7003,17576,43416,21149,43706,54.09
ID2103,ID2103,79243,38545,6769,3305,5636,20234,10004,19724,48.47
ID9429,ID9429,113290,52677,15486,7493,1737,37699,17857,29363,53.4
ID5312,ID5312,176743,90170,13597,6749,17972,43903,21540,44919,53.87
ID3518,ID3518,1201362,603289,72649,35208,144793,232726,113394,283388,45.82
ID3521,ID3521,952096,485103,53395,25702,137044,168091,81213,217232,47.16
ID1201,ID1201,163639,84317,12384,5990,9783,47825,23290,45069,54.33
ID1225,ID1225,93372,48271,8137,3982,5323,27954,13644,25262,55.37
ID1214,ID1214,373191,186344,27697,13290,17481,99701,48345,106216,45.77
ID1224,ID1224,154978,78413,11931,5722,8826,43651,21054,42737,51.2
ID6504,ID6504,206353,96812,14608,7186,11656,48328,23510,54127,40.98
ID1610,ID1610,457135,226966,38910,18838,33832,116330,56496,113313,48.92
ID1602,ID1602,840314,407938,61009,29691,55585,206058,100127,216762,45.21
ID1601,ID1601,402711,196979,34774,16984,28880,104354,50760,99802,49.44
ID1608,ID1608,443465,213591,31644,15443,32500,101581,49684,114977,43.34
ID1609,ID1609,709203,346703,54794,26464,61373,166105,80647,177518,47.22
ID3501,ID3501,629899,318744,32698,15966,105623,101390,49461,136638,48.95
ID1221,ID1221,287928,143509,27215,13353,13500,86915,42324,75283,53.55
ID1220,ID1220,281892,138887,25822,12492,13957,86626,42278,71057,55.48
ID1306,ID1306,473197,240512,34067,16602,51680,111223,53928,112577,52.5
ID1216,ID1216,55720,27752,6687,3246,3403,17516,8539,13815,60.11
ID3528,ID3528,914680,469800,66926,32697,86653,193330,94474,239223,44.11
ID3601,ID3601,1357859,663127,105797,51667,90945,338842,165556,346228,46.31
ID3218,ID3218,450397,227385,26412,12847,59913,86197,41873,103121,48.02
ID7309,ID7309,360496,185584,27721,13586,32567,85821,42041,92654,48.9
ID9410,ID9410,237816,106593,15287,7228,6352,46397,21393,72268,28.5
ID7208,ID7208,469324,228647,31325,15322,32589,110608,54151,123439,43.91
ID1309,ID1309,327090,162990,26950,13163,21434,85119,41394,84244,48.32
ID1312,ID1312,461002,229717,37993,18557,30186,119989,58352,118741,48.31
ID6401,ID6401,297201,142218,23942,11725,17828,70824,34506,78235,42.51
ID3514,ID3514,1738703,874854,116189,56498,153120,360129,174784,443325,41.88
ID3318,ID3318,1444596,730127,90515,43980,155780,277853,134951,355671,42.89
ID9112,ID9112,35287,17014,2882,1409,1489,8631,4191,9959,40.21
ID9417,ID9417,83926,38151,8087,4022,861,25538,12253,22059,45.89
ID3326,ID3326,1032360,512282,76410,37017,85708,229927,111576,262274,44.04
ID1404,ID1404,423233,203802,41270,20056,13652,124224,60170,113387,48.32
ID3327,ID3327,1592874,790696,106309,51515,141521,342069,166140,406125,43.59
ID6409,ID6409,190732,92094,15848,7722,13265,46759,22689,48794,45.92
ID1612,ID1612,212060,104470,20078,9721,14413,55643,27001,53654,49.33
ID1809,ID1809,562962,274023,46949,22990,47794,137997,67367,138391,49.26
ID1813,ID1813,164015,78811,14316,6998,11556,42095,20542,40640,48.61
ID1302,ID1302,535620,268411,40840,19801,48290,127319,61815,131898,48.78
ID1109,ID1109,468839,239384,35363,17132,45043,110315,53638,120702,49.56
ID1118,ID1118,173655,88337,13796,6689,16268,41706,20178,44900,50.12
ID7315,ID7315,426722,218103,31689,15432,39762,99404,48293,107852,48.4
ID7503,ID7503,157129,77294,12093,5974,9977,38229,18685,41903,44.26
ID7602,ID7602,510313,258367,43108,21356,40868,133730,65885,128508,52.01
ID3502,ID3502,1024606,519368,54482,26575,162856,169702,82487,230850,48.05
ID7204,ID7204,263682,128011,19377,9285,23709,60648,29135,65219,47.04
ID1810,ID1810,418974,203973,32150,15737,36392,97395,47423,102822,46.91
ID3513,ID3513,1229710,628070,83496,40763,134595,252138,123249,305327,45.88
ID6210,ID6210,146497,70403,11440,5569,12919,34804,16845,36069,48.32
ID8207,ID8207,64359,31201,7391,3506,3954,19397,9345,16033,56.94
ID8208,ID8208,50074,24506,4564,2241,2965,13868,6805,13099,50.64
ID9433,ID9433,122847,56444,3047,1438,5818,19486,9048,37252,25.94
ID9411,ID9411,242754,111537,6026,2845,11508,38491,17872,73597,25.94
ID3303,ID3303,1100142,547713,75963,37032,124595,233825,113561,267963,48.32
ID3214,ID3214,1080256,533602,81341,39543,80174,252645,122785,282360,44.53
ID3306,ID3306,838406,424030,49583,24065,112356,156761,76486,189677,47.27
ID9108,ID9108,56084,26365,5641,2721,2191,16738,8036,14484,50.95
ID1702,ID1702,297072,145824,21253,10271,21280,67150,32766,78143,42.38
ID3317,ID3317,672827,336999,43684,21270,70610,129981,63043,166061,42.48
ID1409,ID1409,694941,338181,56907,27799,32739,189922,92517,182743,47.15
ID1407,ID1407,597953,292384,43345,21298,28508,158360,77511,162856,45.46
ID5314,ID5314,147410,73513,15719,7608,14740,43885,21450,35195,66.03
ID5320,ID5320,92702,45706,10798,5306,9055,29164,14335,20917,70.15
ID6101,ID6101,678095,333501,54784,26467,53994,168767,81920,168546,48.92
ID1217,ID1217,133226,68013,11965,5811,13571,37221,18218,29979,61.61
ID3527,ID3527,1038181,526178,77779,37729,88945,224617,109818,279108,43.27
ID6105,ID6105,529545,255355,40122,19560,33459,122626,59684,137765,41.79
ID9419,ID9419,41720,19452,5980,2970,2158,14960,7253,8966,69.58
ID1503,ID1503,316265,154639,25789,12541,16458,82204,40049,84238,45.34
ID6109,ID6109,227743,110007,17716,8628,15475,54757,26634,58486,44.59
ID1705,ID1705,223716,108728,17028,8397,16244,52410,25504,57566,44.28
ID3322,ID3322,1129889,570377,70992,34541,113951,228423,111367,285179,43.48
ID8106,ID8106,193583,94728,16462,8037,12264,51768,25336,50724,49.43
ID8107,ID8107,121374,59582,11058,5440,6247,33885,16587,32596,49.4
ID3604,ID3604,1744850,855247,139745,67959,103093,420836,204741,468077,42.91
ID1218,ID1218,730020,364801,63193,30783,51390,189719,92225,181252,49.32
ID6208,ID6208,175507,82457,14262,7012,7791,44028,21474,47245,41.89
ID1405,ID1405,501740,242199,44124,21449,19012,136820,66460,135379,45.05
ID7108,ID7108,60354,30413,3239,1548,7635,10870,5298,14016,44.22
ID7314,ID7314,351105,179298,25927,12608,37750,78098,38103,87043,49.24
ID3515,ID3515,2235688,1115786,142003,68836,167977,464669,225530,582172,39.47
ID7210,ID7210,279291,136417,22727,11031,20436,69647,33700,70559,47.61
ID1304,ID1304,250140,124056,19791,9675,18983,61607,30000,63532,47.53
ID5310,ID5310,326444,170312,35724,17274,32787,90384,43937,78390,60.59
ID1209,ID1209,1048018,527041,73919,36217,96369,239147,117063,259712,47.09
ID1101,ID1101,91532,44850,7307,3485,5799,23247,11183,23918,46.48
ID7307,ID7307,281808,143740,20808,10086,26201,63495,30861,73073,46.69
ID6107,ID6107,456847,220769,37332,18306,29457,115301,56380,118813,46.38
ID3512,ID3512,730516,375873,39452,19285,98078,126758,61881,177966,44.46
ID3404,ID3404,1256985,638841,74949,36504,155471,239166,116785,305427,45.76
ID1303,ID1303,424420,212895,30861,15065,37995,99579,48503,105331,47.96
ID1310,ID1310,197573,97181,15726,7670,14466,47719,23154,51769,45.93
ID7312,ID7312,256278,135029,14714,7116,37952,46101,22469,60589,48.8
ID9107,ID9107,121898,57541,9551,4618,7333,28996,14083,32157,42.46
ID9106,ID9106,54423,26002,4634,2284,2272,14883,7419,14340,46.03
ID3314,ID3314,1069422,542126,64845,31494,135410,209642,101993,252282,47.63
ID3213,ID3213,1727080,864839,107887,52597,165980,346371,168497,444226,42.18
ID3202,ID3202,2945543,1453504,213227,103905,241203,671551,327566,753655,44.9
ID6206,ID6206,66331,31340,5435,2687,3257,15985,7822,18055,40.87
ID3311,ID3311,983229,495665,60046,29164,108351,195113,94955,240419,44.64
ID5301,ID5301,154772,75725,17674,8605,10720,47684,23134,38166,60.61
ID5317,ID5317,333544,162636,42071,20255,15533,123283,59439,78287,71.29
ID5316,ID5316,93060,45445,11584,5663,7021,30224,14661,21841,66.73
ID5302,ID5302,262684,127862,30312,14789,20497,79985,38888,61946,61.95
ID5204,ID5204,538688,271064,37799,18492,46134,124646,61067,140251,46.42
ID5207,ID5207,155646,77285,14739,7203,10304,43700,21313,39219,53.13
ID3211,ID3211,1262657,630356,81947,39692,147863,260139,126524,299339,47.74
ID3529,ID3529,1158512,607109,62007,30369,153803,198393,97114,284711,43.68
ID9427,ID9427,18809,9040,2578,1262,1298,7147,3442,4008,81.47
ID6309,ID6309,278422,137818,24601,11995,16327,71363,34606,72145,45.98
ID5102,ID5102,500315,252358,26234,12594,74665,80940,39161,112050,45.14
ID7305,ID7305,299072,154030,24312,11881,24159,70676,34448,77907,46.43
ID9109,ID9109,28521,13778,2258,1105,1252,6870,3339,8076,39.82
ID6503,ID6503,23642,10978,2104,1010,1141,6119,2989,6177,44.31
ID7318,ID7318,302951,147736,17703,8541,33156,64866,31361,75927,47.83
ID6310,ID6310,348618,169542,34230,16547,18705,100308,48591,89760,51.83
ID1305,ID1305,406548,205970,24203,11694,50716,82134,39944,94162,48.54
ID6301,ID6301,373562,182221,31473,15363,24156,94499,46070,95554,46.55
ID3603,ID3603,3557047,1737139,285502,137876,163699,865911,419535,989436,40.74
ID1802,ID1802,676303,327724,53027,25750,57132,159073,77456,166723,46.99
ID1507,ID1507,342739,165884,27610,13491,20137,86744,42474,89325,45.32
ID1506,ID1506,249696,122656,17364,8599,21207,55936,27576,64699,44.71
ID1203,ID1203,331450,166720,29987,14775,21618,93904,45801,80852,53.5
ID1204,ID1204,387891,194475,28806,14040,26193,100154,48907,101012,48.31
ID1205,ID1205,338324,171877,29324,14264,33042,94146,45986,76942,60.24
ID6305,ID6305,210462,104544,17236,8293,13814,52519,25451,53745,46.02
ID3206,ID3206,2011913,999555,138064,67223,213270,429340,209143,482365,46.93
ID1508,ID1508,369946,179616,28392,13811,21632,91398,44502,98185,43.99
ID3328,ID3328,1733509,859582,132030,63747,134117,395371,191298,447138,43.98
ID9104,ID9104,96796,42472,7530,3660,3195,22989,11195,24980,37.08
ID9103,ID9103,43455,20394,4156,1981,1791,13127,6296,11094,52.27
ID3323,ID3323,853182,427436,53684,26288,95825,169883,82800,201087,45.23
ID5304,ID5304,496843,251172,37331,18371,48475,132111,65112,121103,57.1
ID5305,ID5305,283163,142103,26923,13146,26567,78399,38368,67749,58.9
ID1206,ID1206,218845,111183,19744,9588,22118,60171,29390,50199,60.26
ID7209,ID7209,143240,69837,13354,6516,9563,39170,19159,35353,51.57
ID7206,ID7206,213277,104468,20461,9944,14880,56101,27280,53871,49.88
ID9418,ID9418,215981,99006,8307,3922,15763,28438,13166,58326,25.73
ID7326,ID7326,283982,140205,21498,10402,30145,73025,35538,68160,57.06
ID3503,ID3503,792025,398276,44311,21446,112900,136937,66566,181063,46.08
ID3523,ID3523,1278405,646110,72185,35275,144074,236632,114945,311049,42.41
ID1812,ID1812,317281,155192,26193,12645,27024,74254,36041,80047,46.89
ID1808,ID1808,464718,224293,37464,18245,32134,116153,56414,121051,46.86
ID3504,ID3504,1180224,595392,66461,32247,150842,214211,104064,282642,44.78
ID3288,ID3288,12865,6289,992,483,999,3056,1490,3256,46.03
ID3388,ID3388,1364,691,84,41,170,269,131,323,47.41
ID7313,ID7313,413649,215220,26150,12743,46379,84762,41419,102624,46.42
ID7407,ID7407,92646,46542,7662,3799,7845,23085,11466,23642,50.11
ID9426,ID9426,31776,14921,4893,2378,1651,12219,5805,6710,77.47
ID1807,ID1807,516844,252530,45668,22082,39461,131899,64263,129224,49.6
ID3312,ID3312,1131924,574718,55848,27205,192955,183049,89448,245195,49.74
ID3307,ID3307,951970,469428,65220,31430,97664,198103,96389,233391,45.07
ID9416,ID9416,370374,168247,12035,5699,14276,57015,26929,110736,23.84
ID9432,ID9432,102695,46663,3344,1583,3975,15815,7470,30693,23.87
