ADM2_PCODE,RP10_evac_time_minutes_mean,RP10_evac_time_minutes_max,RP10_evac_time_minutes_median,RP50_evac_time_minutes_mean,RP50_evac_time_minutes_max,RP50_evac_time_minutes_median,RP100_evac_time_minutes_mean,RP100_evac_time_minutes_max,RP100_evac_time_minutes_median,RP500_evac_time_minutes_mean,RP500_evac_time_minutes_max,RP500_evac_time_minutes_median,kt34_evac_time_minutes_mean,kt34_evac_time_minutes_max,kt34_evac_time_minutes_median
ID1107,120.7,749.4,64.7,103.2,730.3,46.5,152.4,639.4,113.0,99.8,682.9,52.8,,,
ID1112,164.8,1043.0,88.7,105.9,831.9,39.7,118.6,920.5,58.2,112.7,1046.4,44.4,,,
ID1108,37.2,799.3,26.7,28.0,637.9,19.6,45.7,807.3,34.2,42.1,794.8,31.8,,,
ID1116,140.3,877.3,86.8,134.6,757.7,54.0,137.3,885.2,56.4,127.3,872.8,67.2,,,
ID1103,201.0,1761.2,88.6,170.8,1011.5,79.5,192.4,1451.2,94.6,157.9,1267.5,93.3,,,
ID1102,112.1,364.0,98.1,72.2,309.3,50.2,103.8,417.8,84.9,71.1,371.8,44.2,,,
ID1114,57.4,695.5,41.0,44.0,552.0,26.2,99.9,757.8,84.5,65.7,690.6,50.9,,,
ID1106,176.8,705.9,126.7,135.8,591.8,93.4,196.8,723.7,193.7,113.4,551.7,76.9,,,
ID1104,183.3,859.1,121.9,117.3,710.0,57.5,133.8,809.2,74.7,156.9,453.4,129.1,,,
ID1105,80.3,997.1,51.0,87.8,944.7,53.7,77.1,948.3,43.7,86.2,849.9,59.5,,,
ID1111,52.4,280.1,45.2,48.5,482.9,34.5,48.8,475.3,40.6,59.0,511.6,50.6,,,
ID1307,57.2,348.0,51.9,64.4,385.0,63.4,68.4,368.0,66.0,53.7,380.0,48.3,,,
ID5307,,,,,,,,,,,,,,,
ID1208,38.2,184.4,34.4,41.3,185.0,35.4,72.6,233.3,71.1,64.9,222.5,60.0,,,
ID9415,476.1,1225.1,444.9,499.9,1301.5,478.5,560.9,1283.2,546.6,575.4,1671.6,543.3,,,
ID5103,,,,,,,,,,,,,,,
ID6311,31.8,92.0,28.6,53.6,105.9,51.1,54.5,118.5,54.3,42.4,90.9,41.1,,,
ID3204,17.4,148.6,14.9,17.0,155.7,14.8,21.1,173.2,19.3,24.0,160.8,23.4,,,
ID3217,19.0,147.4,17.1,30.6,153.4,26.4,23.3,155.8,19.6,19.2,149.7,17.5,,,
ID7202,164.8,1104.2,62.8,136.2,1074.8,44.9,131.2,1004.8,48.8,135.7,1089.1,59.4,,,
ID7201,,,,,,,,,,,,,,,
ID7211,,,,,,,,,,,,,,,
ID1901,41.3,146.8,37.3,42.3,150.5,37.5,47.7,160.6,44.3,50.2,162.2,42.7,,,
ID1903,42.5,206.5,37.1,65.7,263.4,59.4,54.6,244.7,49.2,63.5,237.2,57.0,,,
ID1905,63.8,290.3,54.2,80.3,286.0,71.7,64.1,296.6,56.1,74.4,295.3,67.1,,,
ID1904,61.1,219.6,53.1,54.1,218.7,48.4,57.7,197.3,54.1,54.4,189.8,48.6,,,
ID3526,,,,,,,,,,,,,,,
ID5106,,,,,,,,,,,,,,,
ID6303,63.4,472.2,50.9,61.7,492.3,48.9,66.1,497.8,50.2,51.7,463.8,40.9,,,
ID3304,17.0,28.8,16.0,22.7,40.6,22.8,18.2,32.4,17.5,9.7,24.6,9.0,,,
ID7303,76.6,448.6,35.0,83.2,449.6,38.6,57.3,466.6,10.1,66.5,460.9,20.6,,,
ID3402,17.0,33.5,18.3,16.1,28.6,17.0,21.2,29.2,21.0,10.1,25.6,9.9,,,
ID1607,98.1,534.1,85.1,139.0,816.4,122.2,118.3,454.2,103.2,134.2,676.0,114.9,,,
ID3302,32.8,594.6,12.2,34.0,555.5,19.2,36.2,588.5,17.8,34.1,599.2,14.7,,,
ID3510,46.0,540.4,19.9,61.5,500.3,43.9,53.6,546.7,31.6,64.3,549.1,38.9,,,
ID6304,59.9,212.6,45.1,80.4,226.6,73.0,61.5,207.9,55.5,51.8,216.1,41.2,,,
ID6204,185.7,752.7,175.6,252.3,689.3,236.6,209.0,684.5,187.7,213.4,596.1,196.1,,,
ID6212,110.3,295.1,100.5,133.9,333.2,123.0,90.7,246.1,82.5,113.4,270.1,108.4,,,
ID6205,132.8,467.5,114.0,117.5,388.1,106.5,126.2,382.7,120.7,121.0,409.7,110.0,,,
ID7310,52.0,100.3,51.9,51.5,73.2,52.0,55.3,103.3,52.6,40.5,62.9,40.2,,,
ID3325,20.2,38.1,19.9,49.1,66.9,51.7,21.2,42.2,21.5,31.0,62.5,27.8,,,
ID1504,58.3,173.4,52.3,81.2,175.5,84.5,65.8,178.8,63.1,75.7,183.8,70.8,,,
ID1219,25.2,69.4,24.1,37.0,86.6,36.0,35.0,107.0,37.9,28.4,82.1,27.5,,,
ID3216,34.2,164.3,31.8,31.3,116.9,30.4,26.8,188.6,21.4,21.7,155.1,17.7,,,
ID1902,,,,,,,,,,,,,,,
ID1906,,,,,,,,,,,,,,,
ID5306,23.3,90.0,20.1,34.4,127.1,24.5,58.1,132.1,56.6,27.7,106.5,23.8,,,
ID1117,201.9,408.3,201.3,302.3,630.8,320.3,232.7,612.4,210.8,299.6,675.1,301.4,,,
ID1408,102.1,413.2,65.8,132.6,619.6,97.6,132.8,522.0,94.1,142.5,560.4,107.0,,,
ID6102,51.1,143.6,47.5,72.9,166.7,72.6,55.0,143.7,52.6,63.5,160.6,62.3,,,
ID1701,85.0,141.3,84.4,56.0,108.5,56.4,39.0,131.6,29.1,37.1,145.1,22.5,,,
ID1709,48.6,110.0,44.1,48.4,119.7,49.0,56.4,128.4,57.7,34.7,76.9,33.0,,,
ID1703,104.7,568.2,43.9,130.5,882.9,59.1,110.6,633.7,60.0,84.2,587.2,41.5,,,
ID6405,160.3,1088.9,124.0,200.3,1425.2,140.0,180.1,1173.1,122.6,202.3,1309.9,151.6,,,
ID9409,,,,,,,,,,,,,,,
ID5206,127.0,662.5,59.0,150.6,692.9,57.4,157.3,711.2,70.3,154.4,695.8,56.7,,,
ID2102,,,,,,,,,,,,,51.8,134.4,53.9
ID1110,22.7,193.7,19.7,24.5,198.3,21.1,30.4,208.5,26.6,32.4,195.8,29.8,,,
ID3505,33.4,358.2,24.3,36.1,346.0,30.9,33.4,349.4,23.1,41.7,342.7,37.7,,,
ID3316,24.3,47.2,22.1,33.9,48.8,38.2,16.9,34.1,16.0,15.3,34.0,15.6,,,
ID7501,71.0,408.4,57.0,70.3,541.2,52.4,92.6,767.9,74.8,53.0,605.3,30.3,,,
ID3201,28.6,393.1,22.7,18.9,396.2,11.2,18.6,411.2,11.0,24.1,395.8,17.9,,,
ID3522,23.6,54.6,23.1,29.0,52.7,28.9,22.6,50.7,21.6,16.0,39.1,15.6,,,
ID7101,102.7,218.6,103.7,97.7,216.3,96.7,73.2,219.3,66.9,53.5,251.6,40.6,,,
ID7110,72.8,436.2,58.4,68.2,437.4,58.0,71.1,407.1,54.7,78.3,433.0,63.8,,,
ID7111,79.2,209.6,76.5,51.1,231.9,37.7,56.6,216.6,50.9,68.5,240.0,53.5,,,
ID7107,59.6,157.7,57.2,45.7,163.4,43.6,40.7,151.4,35.7,38.8,144.6,33.8,,,
ID7406,52.2,189.4,43.6,50.5,223.9,44.0,59.1,222.4,47.7,83.1,238.3,75.6,,,
ID3511,88.2,528.7,14.6,89.7,488.6,29.2,94.6,535.0,26.2,93.1,537.4,16.0,,,
ID7311,37.3,101.9,36.9,45.1,137.2,39.3,35.2,90.9,34.7,50.4,123.2,49.1,,,
ID7504,128.8,421.7,86.6,103.4,385.6,72.6,105.7,362.9,86.3,64.2,304.8,45.3,,,
ID9413,299.2,815.1,273.9,353.7,1055.5,313.0,359.1,959.2,333.9,387.3,1317.3,340.7,,,
ID3309,20.3,39.7,20.4,21.3,32.9,22.2,24.3,38.6,23.7,21.5,32.5,20.7,,,
ID3329,22.4,106.0,18.4,25.5,106.9,23.2,24.7,94.4,23.4,19.7,74.5,18.0,,,
ID5108,,,,,,,,,,,,,,,
ID7302,22.7,195.3,19.1,22.4,201.5,20.6,24.3,184.9,19.9,23.5,175.7,17.9,,,
ID6502,197.9,1045.5,172.2,203.2,1356.4,152.5,154.8,1336.0,127.6,206.2,1297.8,167.0,,,
ID1509,55.6,587.3,46.3,57.9,631.9,46.0,62.0,651.7,51.5,60.5,583.3,51.5,,,
ID7207,87.6,663.1,70.3,67.1,619.9,50.2,81.8,988.5,54.6,77.9,1070.3,52.8,,,
ID8104,,,,,,,,,,,,,,,
ID8109,,,,,,,,,,,,,,,
ID7401,,,,,,,,,,,,,,,
ID7415,,,,,,,,,,,,,,,
ID7414,,,,,,,,,,,,,,,
ID7409,,,,,,,,,,,,,,,
ID3207,28.4,205.3,25.8,25.9,191.8,23.1,35.9,231.6,39.0,21.8,216.1,18.9,,,
ID3203,25.5,212.7,24.2,27.0,223.2,21.6,26.0,233.3,23.2,22.6,206.6,18.0,,,
ID3301,24.3,105.6,19.8,28.9,108.2,28.7,33.0,121.6,31.9,34.3,147.0,28.7,,,
ID3209,14.5,62.1,14.0,22.8,67.7,24.4,21.4,70.8,21.5,29.3,65.8,32.1,,,
ID1210,59.2,341.9,33.9,66.0,374.2,53.9,68.9,415.6,49.0,63.9,418.9,40.7,,,
ID1388,32.8,69.8,32.9,35.1,53.0,34.6,25.4,61.2,25.7,28.0,51.7,28.3,,,
ID1688,33.0,80.7,32.0,63.5,123.9,58.6,43.6,91.6,42.0,83.1,134.8,81.1,,,
ID1888,19.3,44.2,16.9,71.8,96.8,69.5,29.1,54.2,27.7,73.2,97.5,71.0,,,
ID7188,52.7,78.3,54.0,42.7,99.9,37.9,38.7,58.6,39.4,55.7,104.2,51.6,,,
ID1288,68.0,160.9,68.7,51.3,145.6,47.9,43.3,121.5,41.5,59.6,141.5,59.9,,,
ID9436,585.9,1315.6,590.4,606.1,1659.8,586.2,714.6,1723.4,662.7,662.2,1708.2,570.7,,,
ID1212,34.9,266.2,29.6,42.5,255.9,36.1,33.7,268.2,26.6,31.9,253.7,27.1,,,
ID3321,26.7,82.7,26.5,29.9,77.7,29.6,27.3,74.0,27.7,27.2,65.3,27.3,,,
ID1311,52.9,581.9,32.9,85.8,597.6,67.2,75.0,620.2,54.7,53.7,537.6,35.5,,,
ID9434,772.5,1512.4,780.6,780.3,1787.7,749.0,698.5,1346.6,689.5,738.3,1668.7,729.9,,,
ID5205,55.1,614.1,36.6,55.4,632.1,35.3,48.5,650.0,32.8,71.6,619.6,56.9,,,
ID7205,77.2,843.0,40.6,94.8,827.2,61.7,62.3,435.8,37.7,95.5,819.7,68.0,,,
ID1611,68.3,633.1,61.6,68.2,620.2,63.7,78.3,542.0,72.3,54.3,630.2,48.4,,,
ID5311,48.0,140.2,44.8,46.1,139.9,40.3,45.2,143.6,44.8,45.4,135.4,45.6,,,
ID7316,87.2,914.6,35.1,88.3,887.9,46.5,94.3,986.1,36.1,98.8,987.6,42.3,,,
ID9101,138.3,475.1,122.3,176.4,516.6,157.3,195.4,736.0,166.4,212.3,527.8,202.5,,,
ID5309,80.9,377.8,56.9,60.5,351.2,35.9,72.6,382.6,47.3,77.0,393.9,51.4,,,
ID3205,40.2,234.4,39.4,27.0,212.8,17.8,26.6,209.2,17.5,25.7,216.6,18.4,,,
ID1113,281.7,2133.1,230.6,297.2,800.3,230.6,272.7,1954.8,142.4,320.9,1244.9,219.6,,,
ID5104,,,,,,,,,,,,,,,
ID7502,33.2,116.3,30.4,47.2,119.5,42.6,76.8,146.7,74.8,31.8,104.3,26.8,,,
ID7505,48.6,491.1,40.1,56.8,473.7,42.0,54.5,616.4,42.3,46.2,621.3,36.4,,,
ID7306,31.2,424.5,16.9,36.5,423.3,22.1,39.2,438.3,19.3,39.9,436.8,24.1,,,
ID3525,41.9,105.1,41.1,24.6,68.9,22.9,35.9,71.2,35.8,34.2,72.8,33.0,,,
ID3315,23.7,43.0,23.8,25.8,43.0,26.8,21.3,42.8,21.7,15.3,35.5,14.6,,,
ID3403,30.7,55.7,34.3,28.1,50.6,28.7,29.5,56.2,29.3,31.7,57.5,34.6,,,
ID6211,139.9,407.5,123.1,134.4,660.7,115.8,141.6,723.0,127.3,141.7,720.6,119.5,,,
ID8201,135.8,460.9,96.0,112.4,475.4,69.1,104.7,445.9,69.7,124.4,597.1,92.6,,,
ID8204,63.7,161.7,52.2,64.4,123.7,61.0,49.1,119.9,42.5,52.1,188.4,32.5,,,
ID8202,87.0,484.2,62.0,58.1,366.3,37.7,67.7,471.2,48.0,71.8,485.9,51.6,,,
ID8206,142.2,661.6,77.3,149.1,698.8,78.1,138.0,655.6,75.0,156.7,727.5,77.4,,,
ID8205,117.2,545.1,59.3,148.5,602.9,88.8,104.0,529.9,46.4,134.9,635.4,81.5,,,
ID6306,120.3,380.5,105.1,161.9,415.2,149.2,131.9,373.2,124.7,149.2,392.1,142.4,,,
ID6307,43.4,179.3,32.6,75.8,213.6,63.9,72.4,209.2,59.6,82.1,224.9,69.1,,,
ID6308,146.9,431.4,92.6,155.1,460.2,92.6,153.7,415.2,117.5,133.7,416.6,87.8,,,
ID1215,143.7,469.7,70.5,95.3,389.1,23.8,83.4,347.1,18.9,104.5,397.2,48.1,,,
ID3399,,,,,,,,,,,,,,,
ID1403,132.5,518.5,103.1,164.2,798.5,133.8,135.5,636.2,112.0,147.9,754.2,118.5,87.2,193.9,84.4
ID1402,106.5,438.5,90.4,136.1,828.3,83.6,94.6,409.1,81.2,94.0,871.0,58.9,,,
ID3212,29.9,89.7,28.9,35.4,99.2,38.2,23.4,73.9,22.0,28.9,78.8,29.1,,,
ID9435,861.8,2114.6,840.3,903.5,2318.3,858.9,896.4,2237.5,797.3,766.6,2115.9,725.5,,,
ID9403,315.9,1070.5,261.2,402.5,1156.3,352.8,295.7,876.2,270.5,338.7,1036.8,308.5,,,
ID9402,358.2,1293.3,303.8,546.4,1838.8,447.9,396.3,1776.4,328.0,440.3,1665.7,378.1,,,
ID3509,36.2,697.9,17.3,49.5,672.0,33.4,46.2,718.4,33.4,52.1,664.5,37.2,,,
ID5101,,,,,,,,,,,,,,,
ID7304,21.0,68.3,18.7,34.1,75.9,32.7,38.7,81.1,39.3,42.7,75.1,41.7,,,
ID3320,22.8,53.6,23.5,18.8,37.6,19.0,16.1,40.6,15.1,20.0,36.9,19.6,,,
ID3517,12.6,21.1,13.0,20.0,27.7,20.5,22.2,31.6,22.9,20.2,35.4,19.3,,,
ID9102,340.2,1487.7,280.7,345.9,1306.4,312.7,311.9,1135.8,273.0,311.4,1119.6,287.5,,,
ID1406,62.0,329.1,50.9,74.4,318.5,65.5,66.1,331.1,54.9,72.6,379.3,66.2,,,
ID6203,178.2,702.6,130.8,214.2,915.1,151.4,171.5,717.8,125.3,209.0,846.7,142.5,,,
ID6108,269.9,1225.1,220.8,310.8,1518.8,237.2,258.2,1081.5,222.5,287.5,1368.6,237.3,,,
ID5107,,,,,,,,,,,,,,,
ID3313,28.5,102.5,23.0,15.9,76.7,11.5,25.8,98.7,24.7,24.9,85.4,23.3,,,
ID3215,24.0,59.7,23.0,19.2,59.8,18.3,26.0,62.5,24.5,26.2,69.9,26.4,,,
ID2101,,,,,,,,,,,,,58.5,181.1,52.2
ID1211,57.9,300.0,45.8,46.3,300.5,32.2,61.8,304.3,49.9,53.9,298.9,34.0,,,
ID6209,248.7,812.1,207.0,289.1,969.2,216.1,252.3,761.4,216.5,264.9,831.3,224.4,,,
ID1704,57.7,774.0,39.6,53.2,832.1,37.4,48.8,798.8,36.9,76.2,840.5,65.5,,,
ID6111,120.3,369.3,106.6,113.3,395.4,100.5,114.9,351.3,100.1,88.7,263.1,81.9,,,
ID3305,17.1,47.4,16.8,18.7,54.3,17.6,20.9,39.7,20.8,15.4,53.2,14.1,,,
ID3506,31.2,147.7,29.1,21.5,133.1,19.0,24.9,149.4,19.9,23.1,146.2,22.4,,,
ID9420,244.8,859.7,181.5,256.4,968.1,196.4,334.8,1026.8,299.9,342.8,1019.3,290.4,,,
ID3324,24.7,50.6,23.6,44.6,74.0,44.6,31.7,61.0,31.8,25.9,58.1,25.7,,,
ID1708,43.7,233.8,43.0,51.2,218.9,48.5,98.3,309.6,95.3,40.3,195.3,40.4,,,
ID2105,,,,,,,,,,,,,,,
ID8105,,,,,,,,,,,,,,,
ID1301,,,,,,,,,,,,,,,
ID1410,,,,,,,,,,,,,104.9,265.5,106.2
ID7103,,,,,,,,,,,,,,,
ID7301,,,,,,,,,,,,,,,
ID3101,,,,,,,,,,,,,,,
ID8203,,,,,,,,,,,,,,,
ID7104,,,,,,,,,,,,,,,
ID9408,,,,,,,,,,,,,,,
ID1501,90.3,582.6,42.5,97.3,626.0,46.4,273.2,522.0,258.7,87.0,573.3,43.4,,,
ID6106,145.8,537.9,111.7,166.0,599.8,143.6,155.3,609.1,124.6,160.1,724.6,126.4,,,
ID3310,18.1,56.1,18.1,12.6,61.4,11.8,33.7,62.1,35.6,29.3,69.2,29.9,,,
ID5105,,,,,,,,,,,,,,,
ID7404,55.8,1000.3,50.9,37.8,933.2,31.6,54.3,1204.5,40.9,38.0,1086.3,26.1,,,
ID7411,181.3,788.7,123.0,149.6,770.1,79.9,167.9,1312.2,112.4,202.7,934.2,187.7,,,
ID7408,188.8,1101.1,77.6,188.3,799.6,84.4,221.7,1404.5,90.9,166.5,750.6,77.6,,,
ID7403,142.7,633.7,111.8,134.3,718.7,79.7,104.1,747.7,42.4,125.8,782.2,71.8,,,
ID7412,,,,,,,,,,,,,,,
ID7405,73.2,239.9,63.7,56.1,263.7,44.8,77.8,227.3,67.7,56.9,216.1,45.5,,,
ID7410,122.9,778.7,74.6,133.2,1127.3,80.3,209.9,1299.2,138.3,147.7,872.7,116.2,,,
ID8171,,,,,,,,,,,,,,,
ID6471,41.5,109.5,38.6,41.6,103.7,39.8,32.1,123.9,25.8,39.9,98.6,36.3,,,
ID1171,21.5,26.5,21.7,18.8,23.1,18.7,26.7,31.7,26.9,37.1,42.5,37.1,,,
ID1871,14.9,24.1,14.0,11.9,18.2,12.1,10.7,19.0,10.2,28.5,37.4,25.7,,,
ID3273,10.9,16.8,12.5,16.2,22.0,17.7,20.1,24.9,21.0,26.2,29.5,27.0,,,
ID3279,21.7,38.4,21.8,20.0,36.8,20.2,38.1,56.5,39.6,19.1,41.0,18.6,,,
ID6372,31.4,52.3,32.5,31.2,51.7,32.3,30.2,50.7,31.2,30.6,54.3,31.0,,,
ID6371,40.4,62.1,40.0,58.3,78.1,58.1,47.7,61.2,47.5,15.5,35.1,15.4,,,
ID6302,63.9,293.5,55.8,71.7,238.5,64.2,62.8,312.9,50.1,67.9,259.0,61.8,,,
ID2171,,,,,,,,,,,,,44.7,119.1,40.7
ID3579,151.2,214.2,146.6,171.0,230.8,167.0,187.8,257.7,184.9,176.0,235.8,172.1,,,
ID7472,,,,,,,,,,,,,,,
ID3275,12.9,21.8,13.5,22.7,30.8,23.2,15.5,22.0,15.9,9.6,19.5,9.6,,,
ID1771,7.3,22.2,6.7,14.7,25.2,15.0,23.7,36.8,23.3,20.2,41.7,18.9,,,
ID5272,28.5,34.9,28.9,13.9,28.5,12.0,12.0,20.8,12.3,19.6,36.0,17.2,,,
ID1276,13.0,13.9,12.9,5.0,5.9,5.1,6.6,7.5,6.7,17.6,18.4,17.7,,,
ID7172,39.7,68.5,41.2,33.3,49.6,37.4,28.6,60.2,25.3,50.5,74.5,51.6,,,
ID3572,,,,,,,,,,,,,,,
ID3271,6.6,7.3,7.0,14.4,15.6,14.2,3.7,4.5,3.5,14.8,15.9,14.5,,,
ID6474,46.8,116.8,44.4,52.3,123.5,53.1,57.8,134.6,56.8,18.8,87.5,15.5,,,
ID1375,,,,,,,,,,,,,,,
ID3672,18.3,27.4,18.5,19.5,31.8,18.1,19.4,35.0,17.9,39.7,49.6,41.1,,,
ID3277,4.9,5.6,4.9,11.7,12.6,11.6,13.7,14.5,13.7,22.1,22.9,22.0,,,
ID3274,14.6,17.2,15.1,12.2,17.3,11.2,18.1,20.1,19.6,32.4,37.4,31.4,,,
ID5171,,,,,,,,,,,,,,,
ID3276,16.1,23.1,16.3,10.6,17.1,10.5,12.0,15.7,12.7,21.5,27.9,20.8,,,
ID1473,53.0,153.0,47.4,33.8,116.1,32.4,33.0,156.9,25.2,43.0,141.6,39.9,,,
ID7571,34.0,55.2,33.7,51.7,73.7,51.0,70.6,86.3,70.5,19.3,52.3,17.9,,,
ID1278,,,,,,,,,,,,,,,
ID3174,17.1,23.4,17.1,25.0,30.2,25.3,17.8,23.7,18.3,18.1,21.1,18.4,,,
ID3173,9.7,11.8,9.8,19.6,22.0,20.7,8.3,11.3,8.0,16.5,19.0,16.5,,,
ID3171,8.4,12.8,10.2,18.9,23.0,18.1,11.9,16.6,14.4,15.4,20.0,16.9,,,
ID3172,8.2,14.4,8.6,17.7,25.3,18.2,9.1,14.8,8.6,10.7,16.4,9.9,,,
ID3175,13.1,20.2,12.9,18.4,25.2,18.1,11.5,20.1,10.7,16.4,24.1,15.6,,,
ID1571,8.8,23.5,8.6,20.5,35.1,20.7,92.9,109.9,92.6,38.5,53.2,38.7,,,
ID9471,50.2,150.2,48.4,51.6,150.7,45.7,43.4,150.7,35.8,50.6,149.1,45.0,,,
ID3571,29.8,34.9,29.9,8.1,13.9,8.0,13.3,16.4,13.4,9.4,15.2,9.6,,,
ID7471,45.8,58.0,46.1,37.8,45.5,38.1,28.5,40.9,29.0,26.4,42.1,26.5,,,
ID7174,,,,,,,,,,,,,,,
ID5371,22.8,26.0,24.6,12.1,15.2,13.3,10.8,13.8,10.5,31.1,36.2,34.2,,,
ID1173,27.7,65.7,24.4,30.3,55.6,29.0,66.7,95.0,66.7,69.4,101.0,68.0,,,
ID1174,24.0,32.4,22.5,16.6,22.4,17.4,51.2,57.5,52.1,30.0,36.5,30.8,,,
ID1674,27.1,35.8,25.9,8.7,21.4,7.1,68.7,74.9,68.8,6.2,19.5,3.8,,,
ID3577,26.2,29.7,26.5,16.0,20.0,16.1,20.0,22.5,20.5,31.7,36.2,31.3,,,
ID3371,18.0,21.1,17.5,4.2,5.7,3.9,3.9,5.7,3.9,4.2,6.2,4.3,,,
ID7371,8.7,23.7,8.1,17.4,31.1,17.9,27.6,44.6,27.2,9.0,23.7,8.5,,,
ID3573,24.1,27.4,23.8,15.8,18.4,15.6,22.6,26.0,22.4,7.8,10.9,7.8,,,
ID7171,9.5,14.7,10.6,15.5,26.5,13.2,23.6,37.9,19.2,23.3,30.8,22.9,,,
ID5271,,,,,,,,,,,,,,,
ID1275,32.3,63.7,30.1,30.7,61.8,29.3,28.3,59.5,26.5,22.5,52.9,20.7,,,
ID1872,28.8,32.4,30.4,23.6,28.2,24.7,23.1,29.6,22.3,13.5,18.5,12.8,,,
ID3576,21.5,24.4,21.3,16.3,18.7,16.2,14.1,16.3,14.2,38.6,40.4,38.7,,,
ID1371,15.8,53.5,15.4,18.0,57.5,17.0,30.2,83.4,26.5,22.4,60.6,21.9,,,
ID1374,,,,,,,,,,,,,,,
ID1277,,,,,,,,,,,,,,,
ID1673,141.6,567.0,19.3,155.9,557.8,43.3,128.0,394.6,24.1,148.1,563.9,29.6,,,
ID6271,177.9,539.7,167.9,151.4,594.1,130.4,115.7,501.5,104.1,177.3,506.5,158.9,,,
ID1671,12.7,30.3,12.6,32.0,49.2,32.4,39.7,56.9,39.9,28.8,46.8,28.8,,,
ID7373,36.8,320.2,12.1,49.8,286.0,27.9,54.9,327.9,32.2,40.6,310.2,15.4,,,
ID7271,17.6,47.8,14.5,86.5,94.5,88.2,15.7,48.5,12.1,14.5,34.2,14.7,,,
ID1971,41.9,54.0,41.9,10.8,23.8,10.3,16.5,22.0,16.9,32.2,45.1,31.6,,,
ID7372,43.7,69.1,42.1,41.3,66.3,39.3,60.2,88.0,59.2,36.3,61.4,34.4,,,
ID1377,32.5,32.5,32.5,18.9,18.9,18.9,8.7,8.7,8.7,18.8,18.8,18.8,,,
ID3575,19.5,25.1,19.3,30.9,38.7,29.7,10.2,13.6,10.0,27.3,35.3,26.1,,,
ID1376,8.8,11.2,8.9,51.6,54.8,51.4,59.3,61.9,59.4,35.5,38.9,35.2,,,
ID3375,31.6,35.4,31.7,47.9,55.3,48.0,31.5,35.5,31.1,11.3,18.0,10.8,,,
ID1471,23.8,61.7,21.6,19.6,53.6,16.6,17.9,51.4,14.6,42.2,65.4,43.3,,,
ID1273,,,,,,,,,,,,,,,
ID6171,57.0,65.2,57.6,53.5,62.5,54.0,57.2,64.5,57.4,109.3,115.4,109.5,,,
ID1672,30.7,92.0,16.0,51.9,89.4,54.2,70.8,118.3,66.9,36.8,89.2,30.2,,,
ID3574,20.2,23.8,19.9,19.7,24.3,19.4,28.4,30.5,29.0,13.8,17.7,13.3,,,
ID1172,,,,,,,,,,,,,,,
ID3373,,,,,,,,,,,,,,,
ID6472,28.6,55.0,28.5,43.3,67.0,43.4,25.8,59.8,25.1,24.8,56.0,23.8,,,
ID1373,45.0,122.9,38.8,22.3,92.7,16.8,26.2,104.4,20.3,19.4,97.4,13.1,,,
ID3374,11.7,36.5,10.9,24.8,49.6,24.1,12.6,37.0,11.6,25.6,37.7,25.6,,,
ID3673,15.8,44.2,17.3,35.4,62.1,34.8,35.9,63.2,35.2,26.9,54.9,28.1,,,
ID1271,59.0,59.4,59.0,13.0,15.3,12.9,99.4,101.5,99.5,52.4,53.3,52.4,,,
ID6172,49.8,152.3,39.5,26.5,154.4,15.9,65.9,173.0,57.2,72.8,174.5,63.8,,,
ID1372,23.7,24.8,23.6,31.6,32.9,31.7,32.5,34.2,32.9,2.9,4.1,2.9,,,
ID9171,41.8,122.3,34.2,24.8,147.9,16.8,34.7,144.3,25.1,40.7,155.5,30.5,,,
ID1175,83.9,518.0,61.9,94.0,505.3,63.2,107.4,519.5,75.9,111.0,523.5,87.8,,,
ID3272,,,,,,,,,,,,,,,
ID1572,40.3,57.7,39.2,42.6,59.6,41.9,222.6,238.5,221.8,22.5,39.0,21.8,,,
ID3578,35.3,45.8,36.1,22.0,31.8,21.8,19.0,29.7,20.0,9.9,21.4,9.1,,,
ID3372,16.8,19.0,16.8,11.1,12.7,11.4,28.2,31.3,28.4,23.7,25.4,23.6,,,
ID3671,24.6,33.0,24.8,30.6,36.8,30.5,26.1,34.5,26.2,9.5,18.9,9.5,,,
ID3674,20.2,26.4,21.0,17.0,26.2,17.0,21.0,26.5,20.7,9.0,16.0,8.8,,,
ID1272,17.4,25.7,17.5,29.3,37.8,29.5,67.5,75.9,67.1,56.3,65.1,55.8,,,
ID2172,,,,,,,,,,,,,45.4,67.4,45.4
ID6571,48.4,95.4,46.3,25.0,73.0,20.7,34.0,69.7,35.4,27.7,74.4,25.3,,,
ID3278,21.1,28.0,19.3,9.0,13.7,10.3,11.6,17.4,11.3,11.8,17.8,12.2,,,
ID1274,26.6,31.8,26.7,44.1,48.4,44.1,25.7,32.5,25.5,18.8,22.9,18.7,,,
ID3376,5.1,9.1,5.2,12.1,16.8,12.2,13.6,18.4,13.9,16.7,20.0,16.6,,,
ID8271,,,,,,,,,,,,,,,
ID8272,109.8,199.0,97.7,24.8,89.6,19.3,55.4,86.6,60.2,50.3,87.7,54.7,,,
ID7173,37.7,96.7,33.0,34.8,93.8,30.1,35.8,94.4,31.0,45.0,104.5,40.8,,,
ID8172,,,,,,,,,,,,,,,
ID3471,,,,,,,,,,,,,,,
ID6201,166.2,930.8,113.8,158.0,826.9,119.5,139.3,826.7,87.6,141.8,771.5,101.8,,,
ID6202,112.7,423.3,98.7,121.6,518.2,101.6,144.2,531.9,136.1,120.5,464.7,107.6,,,
ID1401,53.2,229.5,49.1,57.1,269.6,48.7,84.8,314.8,76.2,61.8,221.0,53.5,,,
ID6112,156.6,598.7,107.4,178.3,778.3,126.7,177.6,746.9,131.3,210.7,803.5,163.8,,,
ID3319,14.0,29.5,13.2,22.6,44.9,21.9,31.4,49.3,31.8,11.0,27.2,10.7,,,
ID3401,17.7,41.7,18.3,14.8,35.7,14.5,23.8,44.0,25.8,15.2,31.1,15.6,,,
ID3208,30.2,152.8,30.6,29.8,145.8,28.2,23.6,152.2,20.3,34.6,145.1,30.9,,,
ID5303,32.5,126.1,28.4,41.9,135.1,36.9,44.7,127.3,41.6,44.5,146.0,40.8,,,
ID6402,142.5,545.9,123.8,120.9,537.5,97.8,145.8,541.8,128.9,127.8,544.6,104.8,,,
ID6403,128.6,888.5,80.0,131.8,953.5,83.1,133.0,762.8,92.5,159.9,1415.1,102.3,,,
ID6404,158.5,1443.9,118.6,136.7,1014.1,100.1,160.2,1232.6,104.1,165.6,1414.4,124.7,,,
ID1207,74.6,165.6,79.1,86.0,179.9,95.7,52.1,140.2,50.8,47.1,137.8,45.6,,,
ID1222,60.0,128.4,57.8,50.6,129.1,48.7,64.5,132.0,66.7,58.2,141.6,58.4,,,
ID1223,96.6,281.1,94.6,92.1,257.9,94.9,56.9,374.2,51.7,60.7,383.7,57.5,,,
ID1604,58.7,605.3,51.0,51.6,633.8,47.4,71.6,634.3,65.5,56.2,629.7,49.7,,,
ID6207,125.6,503.9,106.5,107.0,322.7,93.3,98.0,343.2,88.1,121.6,505.4,98.3,,,
ID3524,23.2,73.5,23.7,41.7,87.2,41.0,50.2,96.2,50.2,36.4,92.3,38.0,,,
ID1801,30.3,115.7,25.4,32.7,158.3,22.1,38.2,110.0,36.0,29.7,152.0,19.7,,,
ID1803,42.1,103.4,42.8,38.5,104.9,35.3,30.9,86.6,30.5,33.1,87.6,32.3,,,
ID1805,39.2,168.9,34.0,55.1,195.8,44.5,73.8,224.2,71.0,41.5,132.4,38.3,,,
ID1804,55.5,311.1,40.5,72.7,338.6,56.5,72.0,346.4,40.4,61.0,308.6,43.4,,,
ID1806,18.8,49.7,17.7,25.0,67.0,22.5,32.5,49.5,33.0,27.9,51.3,29.4,,,
ID6103,85.1,615.2,73.6,85.6,756.7,68.3,77.1,658.8,60.8,100.5,502.1,90.3,,,
ID1213,45.1,918.2,31.4,50.3,849.0,39.7,51.2,954.2,37.6,45.4,1233.6,32.9,,,
ID9430,619.6,1997.4,549.2,637.6,1960.0,577.4,584.1,1673.0,513.2,592.4,1894.6,508.8,,,
ID3602,19.0,44.5,15.4,28.4,62.3,28.7,24.2,59.7,22.9,17.9,104.1,13.3,,,
ID1707,120.3,443.0,111.1,140.9,354.1,132.1,127.2,473.8,116.5,103.6,367.4,96.0,,,
ID5308,,,,,,,,,,,,,,,
ID1308,95.2,826.4,84.2,94.1,825.0,66.8,85.2,872.7,60.1,116.1,502.1,115.7,,,
ID2104,,,,,,,,,,,,,79.5,165.0,79.9
ID5201,,,,,,,,,,,,,,,
ID5202,,,,,,,,,,,,,,,
ID5203,,,,,,,,,,,,,,,
ID5208,,,,,,,,,,,,,,,
ID3508,60.6,587.6,21.7,58.3,585.9,23.6,56.2,590.8,18.8,54.6,589.7,20.4,,,
ID7317,89.6,814.2,33.3,99.8,799.5,51.0,106.7,876.6,49.1,97.1,884.3,37.3,,,
ID7325,170.3,1226.7,143.0,172.5,1436.6,125.2,141.0,1059.9,121.2,213.3,895.8,196.2,,,
ID7322,89.4,1202.5,36.6,110.1,1562.1,54.0,121.7,872.8,76.5,144.2,1237.6,73.3,,,
ID3519,29.5,180.2,30.6,21.2,182.0,20.0,19.9,174.2,18.6,27.8,182.4,27.3,,,
ID3308,22.3,95.3,17.3,18.4,94.3,17.0,17.8,101.3,13.4,18.7,107.8,14.5,,,
ID3520,23.1,47.9,24.0,15.8,24.9,16.3,19.1,44.2,18.7,22.9,35.8,21.8,,,
ID6411,351.8,1453.8,271.1,303.3,1222.8,222.0,335.0,1295.2,239.8,303.5,1231.3,230.7,,,
ID3210,32.5,172.5,30.5,40.8,165.5,40.2,25.6,171.9,25.2,23.7,164.8,22.3,,,
ID7601,144.9,642.7,30.8,96.4,447.7,52.1,110.2,633.3,18.6,116.6,643.8,36.0,,,
ID5321,28.2,75.3,26.3,33.0,68.8,32.7,38.3,72.0,37.0,30.3,83.7,30.0,,,
ID3507,67.8,543.8,28.4,65.3,539.4,30.6,66.9,551.9,39.1,65.2,537.7,28.1,,,
ID6501,381.6,1311.4,352.8,367.5,1262.8,329.9,393.2,1423.5,322.6,360.2,1339.4,316.4,,,
ID8108,,,,,,,,,,,,,,,
ID8103,230.3,1346.0,78.0,200.3,981.0,72.7,211.6,936.8,104.5,232.3,1324.3,95.0,,,
ID8102,,,,,,,,,,,,,,,
ID8101,,,,,,,,,,,,,,,
ID7603,88.6,643.1,41.3,61.4,357.5,43.2,81.6,637.2,45.7,115.1,668.4,73.1,,,
ID9428,398.9,1518.1,366.1,535.8,1746.5,506.1,428.4,1548.4,412.4,426.6,1705.3,411.9,,,
ID9431,1085.0,2296.3,1081.7,698.0,1692.9,659.2,706.1,1518.3,696.3,741.9,1712.0,742.3,,,
ID7604,99.6,1031.8,71.2,103.3,1024.1,73.4,114.7,1015.0,88.7,132.4,981.7,79.6,,,
ID7606,61.8,653.8,40.3,90.5,719.8,67.7,67.1,770.1,44.1,94.8,680.2,75.6,,,
ID7605,50.0,617.7,33.2,79.4,688.0,66.4,41.2,393.2,31.6,67.2,793.0,57.7,,,
ID1202,126.5,697.3,67.9,127.0,716.4,76.9,123.9,750.7,76.8,143.6,849.1,73.9,,,
ID5313,41.8,69.8,43.4,17.7,37.9,15.7,55.7,70.8,57.6,22.7,46.3,20.9,,,
ID5315,74.4,246.5,63.2,71.8,204.3,64.0,57.2,175.0,50.6,72.7,205.7,68.8,,,
ID5319,43.3,108.7,42.5,29.0,89.5,23.4,52.7,97.6,58.7,26.6,91.3,22.6,,,
ID9105,90.9,762.9,43.0,99.5,934.5,55.9,103.4,912.3,61.2,80.5,750.9,39.2,,,
ID9111,259.2,1032.9,115.9,233.8,1063.9,101.9,255.5,1035.9,127.6,234.8,1091.6,120.7,,,
ID9414,433.4,1134.4,404.5,552.1,1374.3,552.0,478.4,1050.1,467.5,539.3,1487.8,498.0,,,
ID7308,32.6,108.8,29.7,39.2,114.1,36.6,36.5,97.5,36.5,24.0,108.8,21.5,,,
ID9110,236.1,760.2,188.0,321.1,788.8,297.7,228.6,611.6,191.4,304.6,708.2,251.8,,,
ID6110,107.9,605.0,104.5,116.9,622.3,104.3,113.5,603.4,91.1,141.5,441.5,135.3,,,
ID6104,64.0,231.3,51.8,52.6,199.3,44.2,65.1,208.6,56.4,107.7,271.2,103.0,,,
ID1502,122.1,741.5,101.6,130.5,744.5,113.6,124.4,833.0,94.8,111.1,812.3,81.9,,,
ID9401,337.3,1067.7,310.1,367.6,1374.6,321.9,407.1,1197.4,372.8,337.1,1013.8,323.9,,,
ID1811,58.1,154.2,59.7,66.1,189.6,64.0,47.8,132.0,45.4,54.0,142.5,50.8,,,
ID9412,394.9,2227.9,327.0,373.4,1883.3,304.4,427.8,2318.1,336.1,375.7,1744.1,317.5,,,
ID7102,59.9,284.8,50.0,51.5,292.3,39.2,43.9,243.8,36.4,56.8,278.1,47.0,,,
ID7105,69.0,319.6,48.5,74.6,329.4,51.0,63.8,309.0,46.8,66.9,312.9,46.9,,,
ID7109,84.3,336.7,47.1,85.1,366.6,46.3,60.7,288.7,24.4,79.1,327.9,47.2,,,
ID7106,33.0,439.6,17.2,38.7,440.8,22.7,55.8,448.6,38.4,60.6,449.3,58.9,,,
ID3516,38.7,290.3,26.1,25.7,298.4,15.8,28.5,279.0,20.5,45.1,314.7,35.9,,,
ID7203,119.0,663.3,65.1,134.0,644.0,93.5,104.9,674.4,40.2,127.3,841.0,78.9,,,
ID7212,199.8,1287.8,130.0,232.3,1244.6,150.6,197.4,1095.3,129.7,251.3,1712.4,155.6,,,
ID1603,64.2,298.0,51.0,63.3,292.4,53.0,74.0,290.1,62.5,62.9,298.1,46.8,,,
ID1505,112.4,461.2,83.5,122.7,672.7,81.0,183.9,720.0,146.2,125.2,669.2,88.3,,,
ID1706,65.0,682.0,39.1,58.0,417.0,41.0,72.8,607.7,55.3,85.2,651.1,69.0,,,
ID7402,43.6,63.3,42.8,51.4,76.4,51.3,84.2,110.7,86.8,46.7,67.7,47.6,,,
ID7413,,,,,,,,,,,,,,,
ID6213,328.0,1310.4,255.3,305.1,1463.0,234.0,332.0,1112.5,271.4,328.1,1068.0,252.4,,,
ID1606,104.8,396.1,95.7,119.0,468.4,102.5,120.0,490.2,113.1,142.0,466.6,126.2,,,
ID1605,58.7,713.3,53.9,76.3,635.2,69.6,79.5,782.2,75.4,76.4,664.5,70.7,,,
ID1613,109.3,321.5,101.5,122.4,342.0,109.6,149.9,343.2,141.8,116.1,315.8,104.8,,,
ID9404,310.9,1548.2,279.6,354.1,1920.7,292.0,307.9,1332.6,249.8,353.8,2044.0,296.5,,,
ID1115,113.4,889.2,87.2,86.5,802.9,57.6,85.8,656.4,65.3,105.4,891.5,74.1,,,
ID5318,51.9,254.5,47.5,37.3,251.1,32.5,37.3,279.4,30.7,39.8,260.5,34.2,,,
ID2103,,,,,,,,,,,,,,,
ID9429,776.1,1878.5,718.8,1041.1,2581.0,963.1,679.2,2002.5,597.5,906.7,2074.9,895.2,,,
ID5312,40.6,285.7,31.0,46.3,321.0,35.2,50.4,323.4,39.3,43.6,293.8,34.1,,,
ID3518,21.1,172.6,19.0,17.8,174.5,16.3,32.2,166.6,32.0,17.0,174.8,15.4,,,
ID3521,19.5,72.1,17.7,17.2,46.3,15.8,15.5,68.3,15.7,16.9,55.0,16.1,,,
ID1201,,,,,,,,,,,,,,,
ID1225,,,,,,,,,,,,,,,
ID1214,,,,,,,,,,,,,,,
ID1224,,,,,,,,,,,,,,,
ID6504,201.9,650.6,183.6,251.2,816.8,210.7,210.9,635.7,184.8,228.6,688.1,218.6,,,
ID1610,43.1,111.0,42.4,52.6,124.2,51.1,69.3,148.1,67.8,45.6,111.9,45.8,,,
ID1602,145.6,598.3,106.8,183.0,773.8,126.3,175.8,695.6,126.4,150.7,592.8,108.9,,,
ID1601,50.2,225.9,45.4,51.4,185.5,52.7,33.7,173.4,30.4,63.7,168.1,67.8,,,
ID1608,70.9,226.0,60.8,67.2,266.8,58.7,62.2,236.8,51.1,73.8,280.1,68.1,,,
ID1609,47.7,95.4,47.8,58.1,114.3,58.0,39.9,103.7,37.4,50.7,102.5,50.9,,,
ID3501,16.4,59.6,14.2,23.4,72.4,19.9,19.0,52.7,19.0,26.4,64.1,25.9,,,
ID1221,69.0,162.2,69.8,50.9,240.3,36.5,48.2,193.6,43.9,52.3,243.4,48.1,,,
ID1220,75.1,230.4,64.0,41.0,217.0,34.0,64.0,231.0,57.5,55.9,249.0,51.0,,,
ID1306,28.2,496.6,19.7,31.7,505.0,21.7,23.8,492.1,12.3,41.6,485.1,32.2,,,
ID1216,271.0,463.8,267.3,203.5,376.2,217.5,208.9,376.2,223.1,215.9,385.2,215.7,,,
ID3528,,,,,,,,,,,,,,,
ID3601,37.2,173.2,26.7,28.0,138.9,23.5,31.7,159.3,24.7,31.2,160.0,26.1,,,
ID3218,34.5,76.3,31.3,29.4,68.5,26.2,32.8,50.9,33.8,29.1,84.1,27.2,,,
ID7309,41.3,109.9,40.2,41.6,112.0,39.2,31.4,98.6,30.9,46.0,123.1,44.5,,,
ID9410,804.0,2135.0,832.4,953.0,2326.7,870.1,819.2,2046.7,722.1,690.0,2175.1,651.0,,,
ID7208,98.9,1106.0,41.3,84.6,1116.3,33.2,84.6,1085.1,31.7,105.1,1209.1,41.9,,,
ID1309,119.9,776.9,60.3,115.2,796.4,59.2,140.9,779.2,89.1,93.5,796.9,44.1,,,
ID1312,62.9,632.1,53.0,82.6,635.1,76.5,62.4,589.8,52.7,72.9,688.2,60.9,,,
ID6401,93.9,418.5,80.6,95.9,371.3,83.1,107.5,363.5,98.4,102.8,337.5,90.0,,,
ID3514,30.8,156.0,32.2,29.3,176.3,29.3,22.4,193.1,20.7,28.1,181.5,26.0,,,
ID3318,23.0,40.4,24.4,23.6,43.8,24.0,23.4,43.8,21.9,28.3,47.9,28.3,,,
ID9112,450.5,1575.4,346.2,335.2,1096.6,248.7,504.5,1834.6,367.7,504.2,1442.6,378.5,,,
ID9417,862.5,2473.0,807.5,1070.5,3240.0,967.9,755.0,1928.7,741.0,833.7,2542.0,715.5,,,
ID3326,29.6,62.8,29.3,35.4,76.6,36.3,22.7,63.0,22.1,25.1,47.3,23.1,,,
ID1404,163.0,732.2,139.5,167.1,652.6,122.2,194.6,975.3,124.2,228.1,844.6,157.9,74.5,177.0,72.4
ID3327,34.4,687.2,21.4,33.9,535.7,24.2,26.6,691.6,12.9,46.6,680.1,33.7,,,
ID6409,39.6,160.5,35.1,36.7,203.7,32.6,52.5,189.6,48.4,61.6,227.7,55.8,,,
ID1612,77.8,160.2,77.7,47.0,154.8,44.5,64.7,141.8,66.5,73.0,179.6,72.4,,,
ID1809,28.8,96.3,24.9,33.2,89.0,29.3,29.0,88.0,29.2,36.1,114.1,30.9,,,
ID1813,68.1,148.0,63.9,42.2,131.2,38.2,59.4,128.3,63.2,55.3,152.6,51.5,,,
ID1302,59.8,212.3,55.1,78.6,249.2,73.2,49.4,205.1,40.8,89.1,274.0,81.8,,,
ID1109,141.3,978.7,33.6,105.7,632.8,24.3,166.9,758.0,36.5,104.8,859.6,20.0,,,
ID1118,40.9,1005.8,18.8,37.2,425.0,30.6,45.5,646.7,34.7,42.0,886.7,26.9,,,
ID7315,36.5,143.7,35.4,63.9,165.7,62.7,47.6,136.2,45.9,53.0,148.7,51.7,,,
ID7503,85.5,478.5,59.5,133.0,644.7,68.1,106.3,568.2,61.3,126.2,689.4,72.1,,,
ID7602,56.6,381.2,43.0,44.5,324.4,35.3,47.9,349.7,41.3,36.3,360.3,25.1,,,
ID3502,10.9,135.4,7.1,21.1,137.3,19.0,12.5,129.4,10.1,21.0,137.6,17.5,,,
ID7204,194.1,883.0,82.5,220.7,949.6,138.0,166.2,809.5,97.7,180.6,750.1,120.9,,,
ID1810,35.3,125.2,28.4,39.6,148.8,33.0,30.7,155.6,19.6,23.3,144.8,10.9,,,
ID3513,29.2,143.1,23.7,32.3,125.7,24.8,20.9,123.4,19.5,30.0,159.0,25.6,,,
ID6210,195.3,755.6,158.9,206.5,816.6,177.5,200.7,668.1,159.4,230.2,719.4,197.0,,,
ID8207,,,,,,,,,,,,,,,
ID8208,,,,,,,,,,,,,,,
ID9433,688.4,2159.8,610.2,762.9,1986.4,678.7,750.0,2126.0,690.5,795.6,2505.3,697.2,,,
ID9411,761.3,2015.5,684.1,925.3,1949.8,954.1,930.5,2132.2,938.2,691.8,2121.8,592.4,,,
ID3303,19.7,598.1,16.1,23.6,547.9,20.9,32.6,620.2,30.2,14.8,627.2,11.4,,,
ID3214,24.8,147.9,19.3,44.6,153.8,41.8,29.4,156.3,26.5,30.0,150.2,23.7,,,
ID3306,20.1,36.0,21.1,20.7,34.0,22.9,21.3,38.1,22.4,25.1,43.9,25.0,,,
ID9108,86.7,181.6,83.7,72.2,138.5,72.7,98.8,212.5,95.4,91.7,199.7,89.8,,,
ID1702,121.0,223.8,141.6,110.2,225.0,126.7,201.6,319.4,225.0,103.0,236.8,125.3,,,
ID3317,15.8,26.7,15.7,26.8,48.8,22.9,21.1,36.2,20.6,12.5,26.3,12.3,,,
ID1409,80.6,341.6,71.3,94.7,358.6,86.3,87.2,360.7,81.5,106.9,317.1,104.4,,,
ID1407,63.3,264.5,53.9,89.0,317.4,93.0,79.1,288.9,61.7,88.0,314.4,79.0,,,
ID5314,,,,,,,,,,,,,,,
ID5320,,,,,,,,,,,,,,,
ID6101,52.3,165.8,48.1,62.5,196.7,54.9,52.6,179.4,48.6,65.5,170.5,62.4,,,
ID1217,82.4,323.2,75.6,41.1,306.2,30.2,33.5,235.6,26.2,59.1,255.4,52.3,,,
ID3527,,,,,,,,,,,,,,,
ID6105,75.6,464.2,62.3,89.8,613.0,67.0,88.1,327.8,79.8,88.7,447.7,75.1,,,
ID9419,506.1,1283.4,478.4,381.8,1546.5,376.1,393.0,1592.3,358.5,455.7,1602.1,416.9,,,
ID1503,111.5,327.8,99.3,122.2,522.5,96.2,103.5,384.8,83.2,99.2,474.6,78.5,,,
ID6109,57.5,149.1,57.3,70.2,185.3,66.4,72.3,173.2,69.1,65.8,171.4,63.0,,,
ID1705,39.2,76.6,44.9,46.5,85.7,50.6,36.3,92.0,34.8,31.5,86.6,26.7,,,
ID3322,19.0,70.6,12.8,18.7,72.5,14.1,23.8,73.5,18.3,23.1,75.7,18.3,,,
ID8106,84.4,630.0,61.7,87.9,572.2,68.4,64.6,381.3,46.2,76.6,607.1,56.6,,,
ID8107,140.2,731.8,94.8,136.8,672.4,78.4,157.4,755.8,105.7,154.0,929.5,85.8,,,
ID3604,23.1,130.4,21.4,39.2,142.7,40.5,40.6,153.3,41.7,29.3,141.7,25.9,,,
ID1218,25.4,73.5,23.6,49.5,111.2,51.1,31.7,89.5,29.7,24.4,90.2,22.2,,,
ID6208,259.6,1073.2,192.4,257.9,945.8,183.9,264.0,1050.4,196.1,229.5,702.6,193.7,,,
ID1405,100.9,577.9,67.2,119.1,586.6,92.7,120.6,676.2,88.5,106.4,675.1,81.4,,,
ID7108,,,,,,,,,,,,,,,
ID7314,47.4,940.6,36.7,68.3,788.8,56.5,53.3,1009.6,40.4,45.3,1017.2,29.1,,,
ID3515,44.0,70.4,43.7,22.6,51.8,20.3,31.4,54.3,30.5,22.3,40.8,22.0,,,
ID7210,225.5,929.8,254.9,279.9,728.0,304.8,177.1,922.9,166.8,228.3,900.3,201.1,,,
ID1304,90.3,467.0,67.5,89.6,687.5,45.4,83.1,315.3,40.1,81.8,773.2,55.6,,,
ID5310,49.5,165.1,42.2,38.8,151.6,33.2,41.2,166.4,31.8,39.7,165.7,28.7,,,
ID1209,19.7,63.0,19.4,27.3,80.1,27.7,47.8,84.3,44.8,24.1,99.3,24.2,,,
ID1101,,,,,,,,,,,,,,,
ID7307,62.3,395.4,12.7,70.3,394.2,19.9,65.2,428.3,6.6,90.6,407.7,50.5,,,
ID6107,147.3,1299.3,109.2,139.2,1041.1,118.8,119.9,923.4,97.2,136.8,1138.4,114.3,,,
ID3512,20.7,282.0,14.8,34.3,264.6,34.9,35.8,262.3,34.8,30.1,297.9,23.0,,,
ID3404,19.8,108.5,11.0,27.8,114.7,22.2,22.3,113.8,12.1,25.0,114.6,18.3,,,
ID1303,79.3,534.5,34.2,71.4,616.3,26.3,81.3,626.2,32.7,78.9,679.0,19.4,,,
ID1310,154.9,694.0,120.1,167.8,678.5,135.5,202.2,737.0,167.5,148.9,684.7,91.5,,,
ID7312,57.3,104.3,57.0,28.8,85.8,27.6,30.8,93.6,27.4,54.9,104.1,51.5,,,
ID9107,270.5,731.6,240.3,269.1,712.7,237.2,260.9,710.0,224.6,285.7,861.4,255.9,,,
ID9106,266.9,658.8,248.2,273.8,607.0,259.1,256.4,578.6,244.5,269.0,777.7,235.3,,,
ID3314,23.1,52.7,24.2,18.9,37.2,18.4,18.8,52.6,18.0,21.2,36.3,20.9,,,
ID3213,30.6,80.3,30.6,35.3,96.8,34.9,19.5,81.9,17.8,37.7,100.2,37.5,,,
ID3202,35.8,467.1,29.7,24.7,475.7,18.5,26.7,466.7,22.7,35.1,479.3,30.0,,,
ID6206,161.9,559.8,115.5,174.1,599.5,129.1,182.4,652.2,131.1,141.0,492.3,97.0,,,
ID3311,12.9,20.6,13.2,10.3,19.0,10.5,31.8,41.7,32.4,20.3,32.2,20.6,,,
ID5301,27.5,42.6,30.4,19.2,62.6,16.5,23.7,49.9,25.7,20.1,62.6,19.5,,,
ID5317,21.6,36.7,21.9,21.7,49.8,18.5,29.0,67.2,26.7,25.8,54.6,25.2,,,
ID5316,41.7,171.0,33.0,40.1,176.5,30.1,64.6,221.0,51.4,53.5,174.8,44.8,,,
ID5302,38.4,195.6,35.5,38.6,185.7,33.0,42.7,218.3,40.3,59.6,204.4,57.8,,,
ID5204,54.2,187.0,52.5,48.2,220.6,42.5,59.1,229.9,53.2,56.0,221.7,47.7,,,
ID5207,43.8,167.0,27.5,63.3,199.3,64.0,54.1,174.6,49.2,53.0,173.8,47.1,,,
ID3211,21.6,45.9,21.7,19.9,50.9,18.5,32.9,64.1,33.7,20.4,42.4,21.0,,,
ID3529,,,,,,,,,,,,,,,
ID9427,,,,,,,,,,,,,,,
ID6309,44.2,200.7,37.6,62.8,225.0,53.8,67.8,243.8,63.3,36.2,177.1,32.4,,,
ID5102,,,,,,,,,,,,,,,
ID7305,27.7,65.7,27.2,39.6,69.0,39.0,24.7,65.5,24.8,28.4,54.3,28.9,,,
ID9109,397.1,1622.5,287.5,293.9,1059.9,223.8,359.1,1669.0,259.6,417.2,1644.2,295.6,,,
ID6503,198.6,456.7,199.2,168.2,372.2,168.2,169.8,409.6,170.0,242.1,494.2,242.2,,,
ID7318,76.8,893.9,40.3,63.7,890.6,26.6,62.8,959.0,27.5,65.2,961.7,28.6,,,
ID6310,42.0,504.5,35.1,48.3,503.1,43.2,50.4,528.2,41.2,53.7,438.0,50.9,,,
ID1305,41.1,528.3,24.0,54.3,553.0,35.1,38.0,533.5,17.1,50.0,545.4,31.6,,,
ID6301,49.3,279.7,44.6,46.8,302.2,40.8,45.7,259.9,44.1,50.5,291.1,45.2,,,
ID3603,25.4,54.2,25.5,29.3,50.8,28.1,32.4,49.5,31.8,19.3,64.3,19.3,,,
ID1802,33.8,136.5,30.6,44.3,118.5,44.1,62.6,142.4,64.4,38.3,151.4,36.2,,,
ID1507,95.3,249.0,89.5,106.3,271.5,107.5,82.7,285.6,79.9,74.2,264.7,62.6,,,
ID1506,108.6,535.7,73.4,139.8,848.7,88.8,146.7,728.3,100.8,135.6,754.6,94.5,,,
ID1203,153.8,729.2,106.3,144.9,750.7,105.5,157.7,762.1,117.2,160.5,821.6,120.4,,,
ID1204,59.4,181.7,55.2,50.5,167.5,44.4,70.8,211.7,64.2,61.0,199.5,56.1,,,
ID1205,90.8,292.6,91.4,91.0,299.1,89.6,84.3,273.4,76.3,92.8,273.2,83.6,,,
ID6305,90.0,343.7,63.6,93.2,379.2,63.1,85.6,301.7,66.2,77.8,318.1,48.2,,,
ID3206,40.1,249.5,39.6,31.4,242.6,24.9,16.2,248.4,12.9,23.3,239.9,21.2,,,
ID1508,72.6,215.7,68.3,47.7,201.7,42.7,66.5,211.6,62.0,70.0,193.8,67.0,,,
ID3328,39.7,477.6,21.4,36.2,366.7,20.5,39.7,464.4,20.0,32.6,439.9,15.2,,,
ID9104,282.1,1103.2,242.3,302.2,1489.8,259.2,328.9,1586.4,294.3,309.5,1659.0,274.4,,,
ID9103,212.5,895.6,146.3,240.5,874.6,205.7,197.6,867.0,138.3,211.6,845.0,158.5,,,
ID3323,31.7,145.0,9.7,33.1,118.8,11.8,31.4,119.9,11.7,35.0,141.3,15.5,,,
ID5304,30.1,163.8,25.0,36.2,178.8,34.5,34.4,183.9,32.5,37.1,172.6,33.7,,,
ID5305,31.0,157.7,21.9,28.1,164.4,24.1,40.3,154.0,37.5,41.5,166.5,36.5,,,
ID1206,64.5,256.5,51.5,76.4,234.5,64.7,68.8,400.0,49.9,76.2,410.9,55.3,,,
ID7209,390.8,1312.3,306.5,371.5,1382.6,239.3,298.8,1062.4,226.7,374.5,1183.0,332.4,,,
ID7206,54.6,149.7,49.2,60.1,439.7,57.2,64.7,946.3,61.1,46.8,908.1,41.2,,,
ID9418,826.2,1918.4,811.3,1211.8,2601.8,1204.5,1005.1,2446.7,999.7,961.8,2029.1,958.9,,,
ID7326,45.7,265.4,40.3,19.3,231.2,13.4,17.9,194.4,13.0,25.1,249.7,19.9,,,
ID3503,38.0,90.3,34.7,36.6,96.2,24.6,31.8,88.4,23.8,26.3,98.6,22.4,,,
ID3523,26.2,49.0,26.8,27.8,64.9,27.5,27.6,72.8,26.8,20.1,61.1,19.5,,,
ID1812,39.5,115.6,36.4,49.6,120.3,46.7,45.6,118.0,43.7,45.4,113.6,42.6,,,
ID1808,67.1,165.5,67.3,70.6,197.2,67.6,82.1,218.1,77.7,71.5,198.7,69.0,,,
ID3504,22.4,125.3,22.8,21.1,122.8,20.9,17.2,137.6,12.8,17.8,94.2,15.6,,,
ID3288,28.0,65.8,26.3,59.7,97.4,58.3,40.4,78.4,38.0,29.1,61.6,28.1,,,
ID3388,33.6,60.8,32.2,25.4,48.5,26.0,39.7,71.0,38.3,27.3,47.9,27.9,,,
ID7313,47.0,257.9,40.0,68.3,269.3,65.3,42.9,254.6,35.5,50.4,270.3,41.3,,,
ID7407,,,,,,,,,,,,,,,
ID9426,291.5,1220.9,279.7,356.1,1891.5,273.3,322.8,1657.7,255.8,288.9,1335.7,232.5,,,
ID1807,24.9,79.8,23.4,46.2,91.6,47.5,33.6,101.9,35.1,44.9,106.5,46.8,,,
ID3312,22.0,73.9,22.5,20.6,68.0,20.7,23.5,68.4,24.1,32.5,80.2,32.5,,,
ID3307,34.5,227.0,19.9,36.5,237.9,20.7,38.2,241.6,21.5,34.7,242.2,14.3,,,
ID9416,1104.2,3586.2,1000.3,1154.3,3053.6,1022.5,1059.9,2969.4,912.4,1016.9,2952.7,915.9,,,
ID9432,724.3,1710.7,675.6,614.7,1450.3,607.3,616.0,1800.3,542.4,557.3,2023.3,518.6,,,
